,name,inchi,mult
0,AR,InChI=1S/Ar,1
1,N2,InChI=1S/N2/c1-2,1
2,HE,InChI=1S/He,1
3,H2,InChI=1S/H2/h1H,1
4,H,InChI=1S/H,2
5,O2,InChI=1S/O2/c1-2,3
6,O,InChI=1S/O,3
7,H2O,InChI=1S/H2O/h1H2,1
8,OH,InChI=1S/HO/h1H,2
9,H2O2,InChI=1S/H2O2/c1-2/h1-2H,1
10,HO2,InChI=1S/HO2/c1-2/h1H,2
11,CO,InChI=1S/CO/c1-2,1
12,CO2,InChI=1S/CO2/c2-1-3,1
13,HOCO,"InChI=1S/CHO2/c2-1-3/h(H,2,3)",2
14,CH4,InChI=1S/CH4/h1H4,1
15,CH3,InChI=1S/CH3/h1H3,2
16,CH2,InChI=1S/CH2/h1H2,3
17,CH2(S),InChI=1S/CH2/h1H2,1
18,C,InChI=1S/C,3
19,CH,InChI=1S/CH/h1H,2
20,CH3O2H,"InChI=1S/CH4O2/c1-3-2/h2H,1H3",1
21,CH3O2,InChI=1S/CH3O2/c1-3-2/h1H3,2
22,CH2O2H,"InChI=1S/CH3O2/c1-3-2/h2H,1H2",2
23,CH3OH,"InChI=1S/CH4O/c1-2/h2H,1H3",1
24,CH3O,InChI=1S/CH3O/c1-2/h1H3,2
25,CH2OH,"InChI=1S/CH3O/c1-2/h2H,1H2",2
26,CH2O,InChI=1S/CH2O/c1-2/h1H2,1
27,HCO,InChI=1S/CHO/c1-2/h1H,2
28,HCOH,InChI=1S/CH2O/c1-2/h1-2H,1
29,HO2CHO,"InChI=1S/CH2O3/c2-1-4-3/h1,3H",1
30,HOCH2O2H,"InChI=1S/CH4O3/c2-1-4-3/h2-3H,1H2",1
31,HOCH2O2,"InChI=1S/CH3O3/c2-1-4-3/h2H,1H2",2
32,OCH2O2H,"InChI=1S/CH3O3/c2-1-4-3/h3H,1H2",2
33,HOCH2O,"InChI=1S/CH3O2/c2-1-3/h2H,1H2",2
34,O2CHO,InChI=1S/CHO3/c2-1-4-3/h1H,2
35,HOCHO,"InChI=1S/CH2O2/c2-1-3/h1H,(H,2,3)",1
36,OCHO,InChI=1S/CHO2/c2-1-3/h1H,2
37,C2H6,InChI=1S/C2H6/c1-2/h1-2H3,1
38,C2H5,"InChI=1S/C2H5/c1-2/h1H2,2H3",2
39,C2H5O2H,"InChI=1S/C2H6O2/c1-2-4-3/h3H,2H2,1H3",1
40,C2H5O2,"InChI=1S/C2H5O2/c1-2-4-3/h2H2,1H3",2
41,C2H4,InChI=1S/C2H4/c1-2/h1-2H2,1
42,C2H3,"InChI=1S/C2H3/c1-2/h1H,2H2",2
43,CHOCHO,InChI=1S/C2H2O2/c3-1-2-4/h1-2H,1
44,C2H3OOH,"InChI=1S/C2H4O2/c1-2-4-3/h2-3H,1H2",1
45,C2H3OO,"InChI=1S/C2H3O2/c1-2-4-3/h2H,1H2",2
46,CHCHO,"InChI=1S/C2H4O/c1-2-3/h1,3H,2H2",3
47,C2H2,InChI=1S/C2H2/c1-2/h1-2H,1
48,C2H,InChI=1S/C2H/c1-2/h1H,2
49,H2CC,InChI=1S/C2H2/c1-2/h1H2,1
50,C2H5OH,"InChI=1S/C2H6O/c1-2-3/h3H,2H2,1H3",1
51,C2H5O,"InChI=1S/C2H5O/c1-2-3/h2H2,1H3",2
52,PC2H4OH,"InChI=1S/C2H5O/c1-2-3/h3H,1-2H2",2
53,SC2H4OH,"InChI=1S/C2H5O/c1-2-3/h2-3H,1H3",2
54,O2C2H4OH,"InChI=1S/C2H5O3/c3-1-2-5-4/h3H,1-2H2",2
55,C2H4O2H,"InChI=1S/C2H5O2/c1-2-4-3/h3H,1-2H2",2
56,C2H4O1-2,InChI=1S/C2H4O/c1-2-3-1/h1-2H2,1
57,C2H3O1-2,"InChI=1S/C2H3O/c1-2-3-1/h1H,2H2",2
58,CH3CHO,"InChI=1S/C2H4O/c1-2-3/h2H,1H3",1
59,CH3CO,InChI=1S/C2H3O/c1-2-3/h1H3,2
60,CH2CHO,"InChI=1S/C2H3O/c1-2-3/h2H,1H2",2
61,O2CH2CHO,"InChI=1S/C2H3O3/c3-1-2-5-4/h1H,2H2",2
62,HO2CH2CO,"InChI=1S/C2H3O3/c3-1-2-5-4/h4H,2H2",2
63,C2H3OH,"InChI=1S/C2H4O/c1-2-3/h2-3H,1H2",1
64,C2H2OH,InChI=1S/C2H3O/c1-2-3/h1-3H,2
65,CH2CO,InChI=1S/C2H2O/c1-2-3/h1H2,1
66,HCCO,InChI=1S/C2HO/c1-2-3/h1H,2
67,HCCOH,"InChI=1S/C2H2O/c1-2-3/h1,3H",1
68,CH3CO3H,"InChI=1S/C2H4O3/c1-2(3)5-4/h4H,1H3",1
69,CH3CO3,InChI=1S/C2H3O3/c1-2(3)5-4/h1H3,2
70,CH3CO2,InChI=1S/C2H3O2/c1-2(3)4/h1H3,2
71,CH3OCH3,InChI=1S/C2H6O/c1-3-2/h1-2H3,1
72,CH3OCH2,"InChI=1S/C2H5O/c1-3-2/h1H2,2H3",2
73,CH3OCH2O2H,"InChI=1S/C2H6O3/c1-4-2-5-3/h3H,2H2,1H3",1
74,CH3OCH2O2,"InChI=1S/C2H5O3/c1-4-2-5-3/h2H2,1H3",2
75,CH2OCH2O2H,"InChI=1S/C2H5O3/c1-4-2-5-3/h3H,1-2H2",2
76,O2CH2OCH2O2H,"InChI=1S/C2H5O5/c3-6-1-5-2-7-4/h3H,1-2H2",2
77,HO2CH2OCHO,"InChI=1S/C2H4O4/c3-1-5-2-6-4/h1,4H,2H2",1
78,OCH2OCHO,"InChI=1S/C2H3O3/c3-1-5-2-4/h1H,2H2",2
79,HOCH2OCO,"InChI=1S/C2H3O3/c3-1-5-2-4/h3H,1H2",2
80,CH3OCH2O,"InChI=1S/C2H5O2/c1-4-2-3/h2H2,1H3",2
81,CH3OCHO,"InChI=1S/C2H4O2/c1-4-2-3/h2H,1H3",1
82,CH3OCO,InChI=1S/C2H3O2/c1-4-2-3/h1H3,2
83,CH2OCHO,"InChI=1S/C2H3O2/c1-4-2-3/h2H,1H2",2
84,C3H8,"InChI=1S/C3H8/c1-3-2/h3H2,1-2H3",1
85,IC3H7,"InChI=1S/C3H7/c1-3-2/h3H,1-2H3",2
86,NC3H7,"InChI=1S/C3H7/c1-3-2/h1,3H2,2H3",2
87,NC3H7O2H,"InChI=1S/C3H8O2/c1-2-3-5-4/h4H,2-3H2,1H3",1
88,NC3H7O2,"InChI=1S/C3H7O2/c1-2-3-5-4/h2-3H2,1H3",2
89,IC3H7O2H,"InChI=1S/C3H8O2/c1-3(2)5-4/h3-4H,1-2H3",1
90,IC3H7O2,"InChI=1S/C3H7O2/c1-3(2)5-4/h3H,1-2H3",2
91,NC3H7O,"InChI=1S/C3H7O/c1-2-3-4/h2-3H2,1H3",2
92,IC3H7O,"InChI=1S/C3H7O/c1-3(2)4/h3H,1-2H3",2
93,C3H6OOH1-2,"InChI=1S/C3H7O2/c1-2-3-5-4/h2,4H,3H2,1H3",2
94,C3H6OOH1-3,"InChI=1S/C3H7O2/c1-2-3-5-4/h4H,1-3H2",2
95,C3H6OOH2-1,"InChI=1S/C3H7O2/c1-3(2)5-4/h3-4H,1H2,2H3",2
96,C3H6OOH1-2O2,"InChI=1S/C3H7O4/c1-3(7-5)2-6-4/h3-4H,2H2,1H3",2
97,C3H6OOH1-3O2,"InChI=1S/C3H7O4/c4-6-2-1-3-7-5/h4H,1-3H2",2
98,C3H6OOH2-1O2,"InChI=1S/C3H7O4/c1-3(7-5)2-6-4/h3,5H,2H2,1H3",2
99,C3KET12,"InChI=1S/C3H6O3/c1-3(2-4)6-5/h2-3,5H,1H3",1
100,C3KET13,"InChI=1S/C3H6O3/c4-2-1-3-6-5/h2,5H,1,3H2",1
101,"C3H51-2,3OOH","InChI=1S/C3H7O4/c1-3(7-5)2-6-4/h3-5H,1-2H2",2
102,"C3H52-1,3OOH","InChI=1S/C3H7O4/c4-6-2-1-3-7-5/h1,4-5H,2-3H2",2
103,C3H5O1-2OOH-3,"InChI=1S/C3H6O3/c4-6-2-3-1-5-3/h3-4H,1-2H2",1
104,C3H5O1-3OOH-2,"InChI=1S/C3H6O3/c4-6-3-1-5-2-3/h3-4H,1-2H2",1
105,C3H6O1-2,"InChI=1S/C3H6O/c1-3-2-4-3/h3H,2H2,1H3",1
106,C3H6O1-3,InChI=1S/C3H6O/c1-2-4-3-1/h1-3H2,1
107,C3H6,"InChI=1S/C3H6/c1-3-2/h3H,1H2,2H3",1
108,C3H5-A,"InChI=1S/C3H5/c1-3-2/h3H,1-2H2",2
109,C3H5-S,"InChI=1S/C3H5/c1-3-2/h1,3H,2H3",2
110,C3H5-T,"InChI=1S/C3H5/c1-3-2/h1H2,2H3",2
111,CC3H6,InChI=1S/C3H6/c1-2-3-1/h1-3H2,1
112,C3H5O,"InChI=1S/C3H5O/c1-2-3-4/h2H,1,3H2",2
113,CH2CHOCH2,"InChI=1S/C3H5O/c1-3-4-2/h3H,1-2H2",2
114,CH3CHCHO,"InChI=1S/C3H5O/c1-2-3-4/h2-3H,1H3",2
115,AC4H7OOH,"InChI=1S/C4H8O2/c1-3-4-6-5-2/h3H,1,4H2,2H3",1
116,C3H6OH1-2,"InChI=1S/C3H7O/c1-2-3-4/h2,4H,3H2,1H3",2
117,CH3CHCO,"InChI=1S/C3H4O/c1-2-3-4/h2H,1H3",1
118,AC3H5OOH,"InChI=1S/C3H6O2/c1-2-3-5-4/h2,4H,1,3H2",1
119,C3H6OH2-1,"InChI=1S/C3H7O/c1-3(2)4/h3-4H,1H2,2H3",2
120,HOC3H6O2,"InChI=1S/C3H7O3/c1-3(2-4)6-5/h3-4H,2H2,1H3",2
121,SC3H5OH,"InChI=1S/C3H6O/c1-2-3-4/h2-4H,1H3",1
122,IC3H5OH,"InChI=1S/C3H6O/c1-3(2)4/h4H,1H2,2H3",1
123,C3H5OH,"InChI=1S/C3H6O/c1-2-3-4/h2,4H,1,3H2",1
124,CH2CCH2OH,"InChI=1S/C3H5O/c1-2-3-4/h4H,1,3H2",2
125,C3H4-P,"InChI=1S/C3H4/c1-3-2/h1H,2H3",1
126,C3H4-A,InChI=1S/C3H4/c1-3-2/h1-2H2,1
127,C3H3,"InChI=1S/C3H3/c1-3-2/h1H,2H2",2
128,CC3H4,"InChI=1S/C3H4/c1-2-3-1/h1-2H,3H2",1
129,C3H2,InChI=1S/C3H2/c1-3-2/h1H2,1
130,H2CCC(S),InChI=1S/C3H2/c1-3-2/h1H2,1
131,C3H2(S),InChI=1S/C3H2/c1-3-2/h1H2,1
132,C3H2C,InChI=1S/C3H2/c1-2-3-1/h1-2H,3
133,PC3H4OH-2,"InChI=1S/C3H5O/c1-2-3-4/h3-4H,1H3",2
134,SC3H4OH,"InChI=1S/C3H5O/c1-3(2)4/h4H,1-2H2",2
135,C3H3O,"InChI=1S/C3H3O/c1-2-3-4/h3H,1H2",2
136,C3H3O2H,"InChI=1S/C3H4O2/c1-2-3-5-4/h3-4H,1H2",1
137,C2HCHO,"InChI=1S/C3H2O/c1-2-3-4/h1,3H",1
138,C2H5CHO,"InChI=1S/C3H6O/c1-2-3-4/h3H,2H2,1H3",1
139,C2H5CO,"InChI=1S/C3H5O/c1-2-3-4/h2H2,1H3",2
140,CH2CH2CHO,"InChI=1S/C3H5O/c1-2-3-4/h3H,1-2H2",2
141,C2H3CHO,"InChI=1S/C3H4O/c1-2-3-4/h2-3H,1H2",1
142,C2H3CO,"InChI=1S/C3H3O/c1-2-3-4/h2H,1H2",2
143,CH3COCH3,InChI=1S/C3H6O/c1-3(2)4/h1-2H3,1
144,CH3COCH2,"InChI=1S/C3H5O/c1-3(2)4/h1H2,2H3",2
145,CH3COCH2O2,"InChI=1S/C3H5O3/c1-3(4)2-6-5/h2H2,1H3",2
146,CH3COCH2O,"InChI=1S/C3H5O2/c1-3(5)2-4/h2H2,1H3",2
147,C3KET21,"InChI=1S/C3H6O3/c1-3(4)2-6-5/h5H,2H2,1H3",1
148,C4H10,"InChI=1S/C4H10/c1-3-4-2/h3-4H2,1-2H3",1
149,PC4H9,"InChI=1S/C4H9/c1-3-4-2/h1,3-4H2,2H3",2
150,SC4H9,"InChI=1S/C4H9/c1-3-4-2/h3H,4H2,1-2H3",2
151,PC4H9O,"InChI=1S/C4H9O/c1-2-3-4-5/h2-4H2,1H3",2
152,SC4H9O,"InChI=1S/C4H9O/c1-3-4(2)5/h4H,3H2,1-2H3",2
153,PC4H9O2,"InChI=1S/C4H9O2/c1-2-3-4-6-5/h2-4H2,1H3",2
154,SC4H9O2,"InChI=1S/C4H9O2/c1-3-4(2)6-5/h4H,3H2,1-2H3",2
155,PC4H9O2H,"InChI=1S/C4H10O2/c1-2-3-4-6-5/h5H,2-4H2,1H3",1
156,SC4H9O2H,"InChI=1S/C4H10O2/c1-3-4(2)6-5/h4-5H,3H2,1-2H3",1
157,C4H8OOH1-2,"InChI=1S/C4H9O2/c1-2-3-4-6-5/h3,5H,2,4H2,1H3",2
158,C4H8OOH1-3,"InChI=1S/C4H9O2/c1-2-3-4-6-5/h2,5H,3-4H2,1H3",2
159,C4H8OOH1-4,"InChI=1S/C4H9O2/c1-2-3-4-6-5/h5H,1-4H2",2
160,C4H8OOH2-1,"InChI=1S/C4H9O2/c1-3-4(2)6-5/h4-5H,2-3H2,1H3",2
161,C4H8OOH2-3,"InChI=1S/C4H9O2/c1-3-4(2)6-5/h3-5H,1-2H3",2
162,C4H8OOH2-4,"InChI=1S/C4H9O2/c1-3-4(2)6-5/h4-5H,1,3H2,2H3",2
163,C4H8O1-2,"InChI=1S/C4H8O/c1-2-4-3-5-4/h4H,2-3H2,1H3",1
164,C4H8O1-3,"InChI=1S/C4H8O/c1-4-2-3-5-4/h4H,2-3H2,1H3",1
165,C4H8O1-4,InChI=1S/C4H8O/c1-2-4-5-3-1/h1-4H2,1
166,C4H8O2-3,"InChI=1S/C4H8O/c1-3-4(2)5-3/h3-4H,1-2H3",1
167,C4H8OOH1-2O2,"InChI=1S/C4H9O4/c1-2-4(8-6)3-7-5/h4-5H,2-3H2,1H3",2
168,C4H8OOH1-3O2,"InChI=1S/C4H9O4/c1-4(8-6)2-3-7-5/h4-5H,2-3H2,1H3",2
169,C4H8OOH1-4O2,"InChI=1S/C4H9O4/c5-7-3-1-2-4-8-6/h5H,1-4H2",2
170,C4H8OOH2-1O2,"InChI=1S/C4H9O4/c1-2-4(8-6)3-7-5/h4,6H,2-3H2,1H3",2
171,C4H8OOH2-3O2,"InChI=1S/C4H9O4/c1-3(7-5)4(2)8-6/h3-5H,1-2H3",2
172,C4H8OOH2-4O2,"InChI=1S/C4H9O4/c1-4(8-6)2-3-7-5/h4,6H,2-3H2,1H3",2
173,"C4H71-2,4OOH","InChI=1S/C4H9O4/c1-4(8-6)2-3-7-5/h4-6H,1-3H2",2
174,"C4H72-1,3OOH","InChI=1S/C4H9O4/c1-4(8-6)2-3-7-5/h2,4-6H,3H2,1H3",2
175,"C4H72-1,4OOH","InChI=1S/C4H9O4/c5-7-3-1-2-4-8-6/h1,5-6H,2-4H2",2
176,"C4H71-2,3OOH","InChI=1S/C4H9O4/c1-3(7-5)4(2)8-6/h3-6H,1H2,2H3",2
177,C4H7O1-3OOH-4,"InChI=1S/C4H8O3/c5-7-3-4-1-2-6-4/h4-5H,1-3H2",1
178,C4H7O1-3OOH-2,"InChI=1S/C4H8O3/c1-3-4(7-5)2-6-3/h3-5H,2H2,1H3",1
179,C4H7O1-2OOH-4,"InChI=1S/C4H8O3/c5-7-2-1-4-3-6-4/h4-5H,1-3H2",1
180,C4H7O1-4OOH-2,"InChI=1S/C4H8O3/c5-7-4-1-2-6-3-4/h4-5H,1-3H2",1
181,C4H7O1-2OOH-3,"InChI=1S/C4H8O3/c1-3(7-5)4-2-6-4/h3-5H,2H2,1H3",1
182,C4H7O2-3OOH-1,"InChI=1S/C4H8O3/c1-3-4(7-3)2-6-5/h3-5H,2H2,1H3",1
183,C4H72-1OOH,"InChI=1S/C4H8O2/c1-2-3-4-6-5/h2-3,5H,4H2,1H3",1
184,NC4KET12,"InChI=1S/C4H8O3/c1-2-4(3-5)7-6/h3-4,6H,2H2,1H3",1
185,NC4KET13,"InChI=1S/C4H8O3/c1-4(7-6)2-3-5/h3-4,6H,2H2,1H3",1
186,NC4KET14,"InChI=1S/C4H8O3/c5-3-1-2-4-7-6/h3,6H,1-2,4H2",1
187,NC4KET21,"InChI=1S/C4H8O3/c1-2-4(5)3-7-6/h6H,2-3H2,1H3",1
188,NC4KET23,"InChI=1S/C4H8O3/c1-3(5)4(2)7-6/h4,6H,1-2H3",1
189,NC4KET24,"InChI=1S/C4H8O3/c1-4(5)2-3-7-6/h6H,2-3H2,1H3",1
190,C4H71-3OOH,"InChI=1S/C4H8O2/c1-3-4(2)6-5/h3-5H,1H2,2H3",1
191,"C4H71-3,4OOH","InChI=1S/C4H9O4/c1-2-4(8-6)3-7-5/h4-6H,1-3H2",2
192,"C4H72-3,4OOH","InChI=1S/C4H9O4/c1-2-4(8-6)3-7-5/h2,4-6H,3H2,1H3",2
193,HO2CH2CHO,"InChI=1S/C2H4O3/c3-1-2-5-4/h1,4H,2H2",1
194,IC4H10,"InChI=1S/C4H10/c1-4(2)3/h4H,1-3H3",1
195,IC4H9,"InChI=1S/C4H9/c1-4(2)3/h4H,1H2,2-3H3",2
196,TC4H9,InChI=1S/C4H9/c1-4(2)3/h1-3H3,2
197,TC4H9O,"InChI=1S/C4H9O/c1-4(2,3)5/h1-3H3",2
198,IC4H9O,"InChI=1S/C4H9O/c1-4(2)3-5/h4H,3H2,1-2H3",2
199,IC4H8O,"InChI=1S/C4H8O/c1-4(2)3-5-4/h3H2,1-2H3",1
200,IC3H7CHO,"InChI=1S/C4H8O/c1-4(2)3-5/h3-4H,1-2H3",1
201,IC3H7CO,"InChI=1S/C4H7O/c1-4(2)3-5/h4H,1-2H3",2
202,IC3H6CHO,"InChI=1S/C4H7O/c1-4(2)3-5/h3-4H,1H2,2H3",2
203,TC3H6CHO,"InChI=1S/C4H7O/c1-4(2)3-5/h3H,1-2H3",2
204,IC3H5CHO,"InChI=1S/C4H6O/c1-4(2)3-5/h3H,1H2,2H3",1
205,TC3H6O2CHO,"InChI=1S/C4H7O3/c1-4(2,3-5)7-6/h3H,1-2H3",2
206,IC3H5O2HCHO,"InChI=1S/C4H7O3/c1-4(2,3-5)7-6/h3,6H,1H2,2H3",2
207,TC3H6O2HCO,"InChI=1S/C4H7O3/c1-4(2,3-5)7-6/h6H,1-2H3",2
208,TC3H6OCHO,"InChI=1S/C4H7O2/c1-4(2,6)3-5/h3H,1-2H3",2
209,IC3H6CO,InChI=1S/C4H6O/c1-4(2)3-5/h1-2H3,1
210,IC3H5CO,"InChI=1S/C4H5O/c1-4(2)3-5/h1H2,2H3",2
211,IC3H4CHO-A,"InChI=1S/C4H5O/c1-4(2)3-5/h3H,1-2H2",2
212,SC4H7OH-I,"InChI=1S/C4H8O/c1-4(2)3-5/h3,5H,1-2H3",1
213,IC4H9O2,"InChI=1S/C4H9O2/c1-4(2)3-6-5/h4H,3H2,1-2H3",2
214,TC4H9O2,"InChI=1S/C4H9O2/c1-4(2,3)6-5/h1-3H3",2
215,IC4H8O2H-I,"InChI=1S/C4H9O2/c1-4(2)3-6-5/h4-5H,1,3H2,2H3",2
216,IC4H8O2H-T,"InChI=1S/C4H9O2/c1-4(2)3-6-5/h5H,3H2,1-2H3",2
217,TC4H8O2H-I,"InChI=1S/C4H9O2/c1-4(2,3)6-5/h5H,1H2,2-3H3",2
218,CC4H8O,"InChI=1S/C4H8O/c1-4-2-5-3-4/h4H,2-3H2,1H3",1
219,IC4H8OOH-IO2,"InChI=1S/C4H9O4/c1-4(2-7-5)3-8-6/h4-5H,2-3H2,1H3",2
220,IC4H8OOH-TO2,"InChI=1S/C4H9O4/c1-4(2,8-6)3-7-5/h5H,3H2,1-2H3",2
221,TC4H8OOH-IO2,"InChI=1S/C4H9O4/c1-4(2,8-6)3-7-5/h6H,3H2,1-2H3",2
222,IC4KETII,"InChI=1S/C4H8O3/c1-4(2-5)3-7-6/h2,4,6H,3H2,1H3",1
223,IC4KETIT,"InChI=1S/C4H8O3/c1-4(2,3-5)7-6/h3,6H,1-2H3",1
224,TIC4H7Q2-I,"InChI=1S/C4H9O4/c1-4(2,8-6)3-7-5/h5-6H,1,3H2,2H3",2
225,IIC4H7Q2-I,"InChI=1S/C4H9O4/c1-4(2-7-5)3-8-6/h4-6H,1-3H2",2
226,IIC4H7Q2-T,"InChI=1S/C4H9O4/c1-4(2-7-5)3-8-6/h5-6H,2-3H2,1H3",2
227,IC4H7OOH,"InChI=1S/C4H8O2/c1-4(2)3-6-5/h5H,1,3H2,2H3",1
228,IC4H9O2H,"InChI=1S/C4H10O2/c1-4(2)3-6-5/h4-5H,3H2,1-2H3",1
229,TC4H9O2H,"InChI=1S/C4H10O2/c1-4(2,3)6-5/h5H,1-3H3",1
230,IC4H8,"InChI=1S/C4H8/c1-4(2)3/h1H2,2-3H3",1
231,IC4H7,"InChI=1S/C4H7/c1-4(2)3/h1-2H2,3H3",2
232,IC4H7-I1,"InChI=1S/C4H7/c1-4(2)3/h1H,2-3H3",2
233,IC4H7O2,"InChI=1S/C4H7O2/c1-4(2)3-6-5/h1,3H2,2H3",2
234,IC4H6OOH-I,"InChI=1S/C4H7O2/c1-4(2)3-6-5/h5H,1-3H2",2
235,CCYCCOOC-T1,"InChI=1S/C4H7O2/c1-4-2-5-6-3-4/h2-3H2,1H3",2
236,C2CYCOOC-I1,"InChI=1S/C4H7O2/c1-4(2)3-5-6-4/h1,3H2,2H3",2
237,IC4H7O,"InChI=1S/C4H7O/c1-4(2)3-5/h1,3H2,2H3",2
238,CVCYCCOC,InChI=1S/C4H6O/c1-4-2-5-3-4/h1-3H2,1
239,CCYC2OCO,"InChI=1S/C4H7O2/c1-4(2-5)3-6-4/h2-3H2,1H3",2
240,CCYCCOOC-I2,"InChI=1S/C4H7O2/c1-4-2-5-6-3-4/h2,4H,3H2,1H3",2
241,CHOIC3H6O,"InChI=1S/C4H7O2/c1-4(2-5)3-6/h2,4H,3H2,1H3",2
242,IC3H5OOCH2,"InChI=1S/C4H7O2/c1-4(2)6-5-3/h1,3H2,2H3",2
243,CCYCCO-T1,"InChI=1S/C3H5O/c1-3-2-4-3/h2H2,1H3",2
244,IC4H8OH-IT,"InChI=1S/C4H9O/c1-4(2)3-5/h5H,3H2,1-2H3",2
245,IC4H8OH-TI,"InChI=1S/C4H9O/c1-4(2,3)5/h5H,1H2,2-3H3",2
246,IC4H7OH,"InChI=1S/C4H8O/c1-4(2)3-5/h5H,1,3H2,2H3",1
247,IC4H8OH,"InChI=1S/C4H9O/c1-4(2)3-5/h4-5H,1,3H2,2H3",2
248,IC4H6OH,"InChI=1S/C4H7O/c1-4(2)3-5/h3,5H,1H2,2H3",2
249,TQJC4H8OH,"InChI=1S/C4H9O3/c1-4(2,3-5)7-6/h5H,3H2,1-2H3",2
250,TQC4H8OI,"InChI=1S/C4H9O3/c1-4(2,3-5)7-6/h6H,3H2,1-2H3",2
251,QC4H7OHP,"InChI=1S/C4H9O3/c1-4(2,3-5)7-6/h5-6H,1,3H2,2H3",2
252,TQC4H7OHI,"InChI=1S/C4H9O3/c1-4(2,3-5)7-6/h3,5-6H,1-2H3",2
253,CCY(CCO)COH,"InChI=1S/C4H8O2/c1-4(2-5)3-6-4/h5H,2-3H2,1H3",1
254,C2CY(COC)OH,"InChI=1S/C4H8O2/c1-4(2)3(5)6-4/h3,5H,1-2H3",1
255,IQJC4H8OH,"InChI=1S/C4H9O3/c1-4(2,5)3-7-6/h5H,3H2,1-2H3",2
256,IC3H6OHCHO,"InChI=1S/C4H8O2/c1-4(2,6)3-5/h3,6H,1-2H3",1
257,IQC4H8OT,"InChI=1S/C4H9O3/c1-4(2,5)3-7-6/h6H,3H2,1-2H3",2
258,IQC4H7OHT,"InChI=1S/C4H9O3/c1-4(2,5)3-7-6/h5-6H,1,3H2,2H3",2
259,CCY(CCOC)OH,"InChI=1S/C4H8O2/c1-4(5)2-6-3-4/h5H,2-3H2,1H3",1
260,CH2COHCH2OOH,"InChI=1S/C3H6O3/c1-3(4)2-6-5/h4-5H,1-2H2",1
261,TC3H6OH,"InChI=1S/C3H7O/c1-3(2)4/h4H,1-2H3",2
262,TQC4H7OHIO2,"InChI=1S/C4H9O5/c1-4(2,9-7)3(5)8-6/h3,5,7H,1-2H3",2
263,TQC4H7OHTO2,"InChI=1S/C4H9O5/c1-4(2,9-7)3(5)8-6/h3,5-6H,1-2H3",2
264,TQC4H7OHIQ-I,"InChI=1S/C4H9O5/c1-4(2,9-7)3(5)8-6/h3,6-7H,1-2H3",2
265,TQC4H7OHIQ-P,"InChI=1S/C4H9O5/c1-4(2,9-7)3(5)8-6/h3,5-7H,1H2,2H3",2
266,IC3H5COHQ,"InChI=1S/C4H8O3/c1-3(2)4(5)7-6/h4-6H,1H2,2H3",1
267,CH2CQCOHQ,"InChI=1S/C3H6O5/c1-2(7-5)3(4)8-6/h3-6H,1H2",1
268,IC3H5Q,"InChI=1S/C3H6O2/c1-3(2)5-4/h4H,1H2,2H3",1
269,COHQCYC(COC),"InChI=1S/C4H8O4/c1-4(2-7-4)3(5)8-6/h3,5-6H,2H2,1H3",1
270,QCYC(CCOC)OH,"InChI=1S/C4H8O4/c1-4(8-6)2-7-3(4)5/h3,5-6H,2H2,1H3",1
271,HOCOCQ(CH3)2,"InChI=1S/C4H8O4/c1-4(2,8-7)3(5)6/h7H,1-2H3,(H,5,6)",1
272,IQC4H7OHTO2,"InChI=1S/C4H9O5/c1-4(5,2-8-6)3-9-7/h5-6H,2-3H2,1H3",2
273,IQC4H8OTQ-I,"InChI=1S/C4H9O5/c1-4(5,2-8-6)3-9-7/h6-7H,2-3H2,1H3",2
274,IQC4H7OHTQ-P,"InChI=1S/C4H9O5/c1-4(5,2-8-6)3-9-7/h5-7H,1-3H2",2
275,CHOC(CH3)OHCH2Q,"InChI=1S/C4H8O4/c1-4(6,2-5)3-8-7/h2,6-7H,3H2,1H3",1
276,CO(CH2OOH)2,"InChI=1S/C3H6O5/c4-3(1-7-5)2-8-6/h5-6H,1-2H2",1
277,CH3COCHO,"InChI=1S/C3H4O2/c1-3(5)2-4/h2H,1H3",1
278,IC3H5OCH2,"InChI=1S/C4H7O/c1-4(2)5-3/h1,3H2,2H3",2
279,IC4H7OOCH3,"InChI=1S/C5H10O2/c1-5(2)4-7-6-3/h1,4H2,2-3H3",1
280,IC4H7OOIC4H7,"InChI=1S/C8H14O2/c1-7(2)5-9-10-6-8(3)4/h1,3,5-6H2,2,4H3",1
281,C4H8-1,"InChI=1S/C4H8/c1-3-4-2/h3H,1,4H2,2H3",1
282,C4H8-2,"InChI=1S/C4H8/c1-3-4-2/h3-4H,1-2H3",1
283,C4H71-1,"InChI=1S/C4H7/c1-3-4-2/h1,3H,4H2,2H3",2
284,C4H71-2,"InChI=1S/C4H7/c1-3-4-2/h1,4H2,2H3",2
285,C4H71-3,"InChI=1S/C4H7/c1-3-4-2/h3-4H,1H2,2H3",2
286,C4H71-4,"InChI=1S/C4H7/c1-3-4-2/h3H,1-2,4H2",2
287,C4H72-2,"InChI=1S/C4H7/c1-3-4-2/h3H,1-2H3",2
288,C4H71-O,"InChI=1S/C4H7O/c1-3-4(2)5/h3-4H,1H2,2H3",2
289,PC4H8OH-2,"InChI=1S/C4H9O/c1-2-3-4-5/h3,5H,2,4H2,1H3",2
290,SC4H8OH-1,"InChI=1S/C4H9O/c1-3-4(2)5/h4-5H,2-3H2,1H3",2
291,SC4H8OH-3,"InChI=1S/C4H9O/c1-3-4(2)5/h3-5H,1-2H3",2
292,C4H71-3OH,"InChI=1S/C4H8O/c1-3-4(2)5/h3-5H,1H2,2H3",1
293,C4H71-4OH,"InChI=1S/C4H8O/c1-2-3-4-5/h2,5H,1,3-4H2",1
294,C4H71-1OH,"InChI=1S/C4H8O/c1-2-3-4-5/h3-5H,2H2,1H3",1
295,C4H71-2OH,"InChI=1S/C4H8O/c1-3-4(2)5/h5H,2-3H2,1H3",1
296,C4H72-1OH,"InChI=1S/C4H8O/c1-2-3-4-5/h2-3,5H,4H2,1H3",1
297,C4H72-2OH,"InChI=1S/C4H8O/c1-3-4(2)5/h3,5H,1-2H3",1
298,SQC4H8OP,"InChI=1S/C4H9O3/c1-2-4(3-5)7-6/h4,6H,2-3H2,1H3",2
299,PQC4H8OS,"InChI=1S/C4H9O3/c1-2-4(5)3-7-6/h4,6H,2-3H2,1H3",2
300,PQC4H7OHS-3,"InChI=1S/C4H9O3/c1-2-4(5)3-7-6/h2,4-6H,3H2,1H3",2
301,NC4KET12OH,"InChI=1S/C4H8O2/c1-2-4(6)3-5/h3-4,6H,2H2,1H3",1
302,SQC4H7OHS-4,"InChI=1S/C4H9O3/c1-3(5)4(2)7-6/h3-6H,1H2,2H3",2
303,SQC4H8OS,"InChI=1S/C4H9O3/c1-3(5)4(2)7-6/h3-4,6H,1-2H3",2
304,NC4KET23OH,"InChI=1S/C4H8O2/c1-3(5)4(2)6/h3,5H,1-2H3",1
305,SC4H8OH-3O2,"InChI=1S/C4H9O3/c1-3(5)4(2)7-6/h3-5H,1-2H3",2
306,CCY(COCC)OH,"InChI=1S/C4H8O2/c1-3-4(5)2-6-3/h3-5H,2H2,1H3",1
307,C4H7O2-1,"InChI=1S/C4H7O/c1-2-3-4-5/h2-3H,4H2,1H3",2
308,C4H6-1,"InChI=1S/C4H6/c1-3-4-2/h1H,4H2,2H3",1
309,AC3H5OCH2,"InChI=1S/C4H7O/c1-3-4-5-2/h3H,1-2,4H2",2
310,SC3H5OCH2-1,"InChI=1S/C4H7O/c1-3-4-5-2/h3-4H,2H2,1H3",2
311,"C8H141-5,3-4","InChI=1S/C8H14/c1-5-7(3)8(4)6-2/h5-8H,1-2H2,3-4H3",1
312,"C8H141-5,3","InChI=1S/C8H14/c1-4-6-7-8(3)5-2/h4-6,8H,2,7H2,1,3H3",1
313,C8H142-6,"InChI=1S/C8H14/c1-3-5-7-8-6-4-2/h3-6H,7-8H2,1-2H3",1
314,"C8H131-5,3-4,TA","InChI=1S/C8H13/c1-5-7(3)8(4)6-2/h5-7H,1-2H2,3-4H3",2
315,"C8H131-5,3,TA","InChI=1S/C8H13/c1-4-6-7-8(3)5-2/h4-6H,2,7H2,1,3H3",2
316,"C8H131-5,3,SA","InChI=1S/C8H13/c1-4-6-7-8(3)5-2/h4-8H,2H2,1,3H3",2
317,"C8H131-5,3,PA","InChI=1S/C8H13/c1-4-6-7-8(3)5-2/h4-6,8H,1-2,7H2,3H3",2
318,"C8H132-6,SA","InChI=1S/C8H13/c1-3-5-7-8-6-4-2/h3-7H,8H2,1-2H3",2
319,"C8H132-6,PA","InChI=1S/C8H13/c1-3-5-7-8-6-4-2/h3-6H,1,7-8H2,2H3",2
320,"C6H101-3,3","InChI=1S/C6H10/c1-4-6(3)5-2/h4-5H,1H2,2-3H3",1
321,"C8H131-5,3-4,TAO","InChI=1S/C8H13O/c1-5-7(3)8(4,9)6-2/h5-7H,1-2H2,3-4H3",2
322,"C8H131-5,3,TAO","InChI=1S/C8H13O/c1-4-6-7-8(3,9)5-2/h4-6H,2,7H2,1,3H3",2
323,"C8H131-5,3,SAO","InChI=1S/C8H13O/c1-4-6-8(9)7(3)5-2/h4-8H,2H2,1,3H3",2
324,"C8H131-5,3,PAO","InChI=1S/C8H13O/c1-3-8(2)6-4-5-7-9/h3-5,8H,1,6-7H2,2H3",2
325,"C8H132-6,SAO","InChI=1S/C8H13O/c1-3-5-7-8(9)6-4-2/h3-6,8H,7H2,1-2H3",2
326,"C8H132-6,PAO","InChI=1S/C8H13O/c1-2-3-4-5-6-7-8-9/h2-3,6-7H,4-5,8H2,1H3",2
327,"C7H111-5,3,6P","InChI=1S/C7H11/c1-4-6-7(3)5-2/h1,4-5,7H,2,6H2,3H3",2
328,"C7H111-5,1P","InChI=1S/C7H11/c1-3-5-7-6-4-2/h1,3-4,6H,5,7H2,2H3",2
329,"C4H64,2-1OH","InChI=1S/C4H7O/c1-2-3-4-5/h2-3,5H,1,4H2",2
330,"C4H63,1-1OH","InChI=1S/C4H7O/c1-2-3-4-5/h2-5H,1H3",2
331,"C4H63,1-3OH","InChI=1S/C4H7O/c1-3-4(2)5/h3,5H,1H2,2H3",2
332,"C4H63,1-2OH","InChI=1S/C4H7O/c1-3-4(2)5/h3,5H,2H2,1H3",2
333,C4H5OH-13,"InChI=1S/C4H6O/c1-2-3-4-5/h2-5H,1H2",1
334,SQC4H7OHP-4,"InChI=1S/C4H9O3/c1-2-4(3-5)7-6/h4-6H,1-3H2",2
335,CY(CCCO)COH,"InChI=1S/C4H8O2/c5-3-4-1-2-6-4/h4-5H,1-3H2",1
336,NC4KET21OH,"InChI=1S/C4H8O2/c1-2-4(6)3-5/h5H,2-3H2,1H3",1
337,C2H5CHOHCO,"InChI=1S/C4H7O2/c1-2-4(6)3-5/h4,6H,2H2,1H3",2
338,CH3COCOHCH3,"InChI=1S/C4H7O2/c1-3(5)4(2)6/h5H,1-2H3",2
339,C2H4COCH2OH,"InChI=1S/C4H7O2/c1-2-4(6)3-5/h2,5H,3H2,1H3",2
340,CH3COHCO,"InChI=1S/C3H4O2/c1-3(5)2-4/h5H,1H3",1
341,CH2COHCHO,"InChI=1S/C3H4O2/c1-3(5)2-4/h2,5H,1H2",1
342,SQC4H7OHP-4O2,"InChI=1S/C4H9O5/c5-3-4(9-7)1-2-8-6/h4-5,7H,1-3H2",2
343,PQC4H7OHS-3O2,"InChI=1S/C4H9O5/c1-3(9-7)4(5)2-8-6/h3-6H,2H2,1H3",2
344,SQC4H7OHS-4O2,"InChI=1S/C4H9O5/c1-3(9-7)4(5)2-8-6/h3-5,7H,2H2,1H3",2
345,"C4H7O2-1,3OOH","InChI=1S/C4H9O5/c1-3(9-7)4(5)2-8-6/h3-4,6-7H,2H2,1H3",2
346,NC4KET13OH-2,"InChI=1S/C4H8O4/c1-3(8-7)4(6)2-5/h2-4,6-7H,1H3",1
347,NC4KET24OH-1,"InChI=1S/C4H8O4/c5-3-4(6)1-2-8-7/h5,7H,1-3H2",1
348,NC4KET24OH-3,"InChI=1S/C4H8O4/c1-3(5)4(6)2-8-7/h4,6-7H,2H2,1H3",1
349,C4H6OHOOH1-4-3,"InChI=1S/C4H8O3/c1-2-4(3-5)7-6/h2,4-6H,1,3H2",1
350,C4H6OHOOH2-2-1,"InChI=1S/C4H8O3/c1-2-4(5)3-7-6/h2,5-6H,3H2,1H3",1
351,C4H6OHOOH1-3-4,"InChI=1S/C4H8O3/c1-2-4(5)3-7-6/h2,4-6H,1,3H2",1
352,C4H6OHOOH1-2-3,"InChI=1S/C4H8O3/c1-3(5)4(2)7-6/h4-6H,1H2,2H3",1
353,HOCH2CHO,"InChI=1S/C2H4O2/c3-1-2-4/h1,4H,2H2",1
354,C4H71-4OOH,"InChI=1S/C4H8O2/c1-2-3-4-6-5/h2,5H,1,3-4H2",1
355,C4H71-4O2,"InChI=1S/C4H7O2/c1-2-3-4-6-5/h2H,1,3-4H2",2
356,C4H61-3OOH4,"InChI=1S/C4H7O2/c1-2-3-4-6-5/h2-3,5H,1,4H2",2
357,C4H6O1-3OOH4,"InChI=1S/C4H7O3/c1-2-4(5)3-7-6/h2,4,6H,1,3H2",2
358,C4H6O2-1OOH4,"InChI=1S/C4H7O3/c5-3-1-2-4-7-6/h1-2,6H,3-4H2",2
359,HOCH2COCH2,"InChI=1S/C3H5O2/c1-3(5)2-4/h4H,1-2H2",2
360,HOCH2CO,"InChI=1S/C2H3O2/c3-1-2-4/h3H,1H2",2
361,HOCHCHO,InChI=1S/C2H3O2/c3-1-2-4/h1-3H,2
362,PC3H4OH-3,"InChI=1S/C3H5O/c1-2-3-4/h2-4H,1H2",2
363,PC3H4OH-1,"InChI=1S/C3H5O/c1-2-3-4/h2,4H,1H3",2
364,CH3COCHOH,"InChI=1S/C3H5O2/c1-3(5)2-4/h2,4H,1H3",2
365,SC2H2OH,"InChI=1S/C2H3O/c1-2-3/h3H,1H2",2
366,PC4H8OH-1,"InChI=1S/C4H9O/c1-2-3-4-5/h4-5H,2-3H2,1H3",2
367,PC4H8OH-3,"InChI=1S/C4H9O/c1-2-3-4-5/h2,5H,3-4H2,1H3",2
368,C4H7O1-4,"InChI=1S/C4H7O/c1-2-3-4-5/h2H,1,3-4H2",2
369,PC4H8OH-4,"InChI=1S/C4H9O/c1-2-3-4-5/h5H,1-4H2",2
370,SC4H8OH-2,"InChI=1S/C4H9O/c1-3-4(2)5/h5H,3H2,1-2H3",2
371,CH2COHCO,"InChI=1S/C3H3O2/c1-3(5)2-4/h5H,1H2",2
372,C4H72-2O2,"InChI=1S/C4H7O2/c1-3-4(2)6-5/h3H,1-2H3",2
373,C4H71-1O2,"InChI=1S/C4H7O2/c1-2-3-4-6-5/h3-4H,2H2,1H3",2
374,C4H71-2O2,"InChI=1S/C4H7O2/c1-3-4(2)6-5/h2-3H2,1H3",2
375,C3H6OH1-1,"InChI=1S/C3H7O/c1-2-3-4/h3-4H,2H2,1H3",2
376,PC4H8OH-2O2,"InChI=1S/C4H9O3/c1-2-4(3-5)7-6/h4-5H,2-3H2,1H3",2
377,SC4H8OH-1O2,"InChI=1S/C4H9O3/c1-2-4(5)3-7-6/h4-5H,2-3H2,1H3",2
378,C4H71-3OOCH3,"InChI=1S/C5H10O2/c1-4-5(2)7-6-3/h4-5H,1H2,2-3H3",1
379,C4H72-1OOCH3,"InChI=1S/C5H10O2/c1-3-4-5-7-6-2/h3-4H,5H2,1-2H3",1
380,C4H6,"InChI=1S/C4H6/c1-3-4-2/h3-4H,1-2H2",1
381,C4H612,"InChI=1S/C4H6/c1-3-4-2/h4H,1H2,2H3",1
382,C4H6-2,InChI=1S/C4H6/c1-3-4-2/h1-2H3,1
383,C4H5-I,"InChI=1S/C4H5/c1-3-4-2/h3H,1-2H2",2
384,C4H5-N,"InChI=1S/C4H5/c1-3-4-2/h1,3-4H,2H2",2
385,C4H5-2,"InChI=1S/C4H5/c1-3-4-2/h1H2,2H3",2
386,C4H4,"InChI=1S/C4H4/c1-3-4-2/h1,4H,2H2",1
387,C4H3-I,"InChI=1S/C4H3/c1-3-4-2/h1H,2H2",2
388,C4H3-N,InChI=1S/C4H3/c1-3-4-2/h1-3H,2
389,C4H2,InChI=1S/C4H2/c1-3-4-2/h1-2H,1
390,C4H6O25,"InChI=1S/C4H6O/c1-2-4-5-3-1/h1-2H,3-4H2",1
391,C2H3CHOCH2,"InChI=1S/C4H6O/c1-2-4-3-5-4/h2,4H,1,3H2",1
392,C4H4O,"InChI=1S/C4H4O/c1-2-3-4-5/h4H,1H3",1
393,C4H6O23,"InChI=1S/C4H6O/c1-2-4-5-3-1/h1,3H,2,4H2",1
394,CH2CHCHCHO,"InChI=1S/C4H5O/c1-2-3-4-5/h2-4H,1H2",2
395,H2C4O,"InChI=1S/C4H2O/c1-2-4-3-5-4/h1,3H",1
396,NC3H7CHO,"InChI=1S/C4H8O/c1-2-3-4-5/h4H,2-3H2,1H3",1
397,NC3H7CO,"InChI=1S/C4H7O/c1-2-3-4-5/h2-3H2,1H3",2
398,C3H6CHO-1,"InChI=1S/C4H7O/c1-2-3-4-5/h4H,1-3H2",2
399,C3H6CHO-2,"InChI=1S/C4H7O/c1-2-3-4-5/h2,4H,3H2,1H3",2
400,C3H6CHO-3,"InChI=1S/C4H7O/c1-2-3-4-5/h3-4H,2H2,1H3",2
401,SC3H5CHO,"InChI=1S/C4H6O/c1-2-3-4-5/h2-4H,1H3",1
402,SC3H5CO,"InChI=1S/C4H5O/c1-2-3-4-5/h2-3H,1H3",2
403,C2H5COCH3,"InChI=1S/C4H8O/c1-3-4(2)5/h3H2,1-2H3",1
404,C2H5COCH2,"InChI=1S/C4H7O/c1-3-4(2)5/h2-3H2,1H3",2
405,CH2CH2COCH3,"InChI=1S/C4H7O/c1-3-4(2)5/h1,3H2,2H3",2
406,CH3CHCOCH3,"InChI=1S/C4H7O/c1-3-4(2)5/h3H,1-2H3",2
407,C2H3COCH3,"InChI=1S/C4H6O/c1-3-4(2)5/h3H,1H2,2H3",1
408,CH3CHOOCOCH3,"InChI=1S/C4H7O3/c1-3(5)4(2)7-6/h4H,1-2H3",2
409,CH2CHOOHCOCH3,"InChI=1S/C4H7O3/c1-3(5)4(2)7-6/h4,6H,2H2,1H3",2
410,C2H5CHCO,"InChI=1S/C4H6O/c1-2-3-4-5/h3H,2H2,1H3",1
411,NC5H12,"InChI=1S/C5H12/c1-3-5-4-2/h3-5H2,1-2H3",1
412,C5H11-1,"InChI=1S/C5H11/c1-3-5-4-2/h1,3-5H2,2H3",2
413,C5H11-2,"InChI=1S/C5H11/c1-3-5-4-2/h3H,4-5H2,1-2H3",2
414,C5H11-3,"InChI=1S/C5H11/c1-3-5-4-2/h5H,3-4H2,1-2H3",2
415,C5H11O2H-1,"InChI=1S/C5H12O2/c1-2-3-4-5-7-6/h6H,2-5H2,1H3",1
416,C5H11O2H-2,"InChI=1S/C5H12O2/c1-3-4-5(2)7-6/h5-6H,3-4H2,1-2H3",1
417,C5H11O2H-3,"InChI=1S/C5H12O2/c1-3-5(4-2)7-6/h5-6H,3-4H2,1-2H3",1
418,C5H11O2-1,"InChI=1S/C5H11O2/c1-2-3-4-5-7-6/h2-5H2,1H3",2
419,C5H11O2-2,"InChI=1S/C5H11O2/c1-3-4-5(2)7-6/h5H,3-4H2,1-2H3",2
420,C5H11O2-3,"InChI=1S/C5H11O2/c1-3-5(4-2)7-6/h5H,3-4H2,1-2H3",2
421,C5H11O-1,"InChI=1S/C5H11O/c1-2-3-4-5-6/h2-5H2,1H3",2
422,C5H11O-2,"InChI=1S/C5H11O/c1-3-4-5(2)6/h5H,3-4H2,1-2H3",2
423,C5H11O-3,"InChI=1S/C5H11O/c1-3-5(6)4-2/h5H,3-4H2,1-2H3",2
424,C5H10OOH1-2,"InChI=1S/C5H11O2/c1-2-3-4-5-7-6/h4,6H,2-3,5H2,1H3",2
425,C5H10OOH1-3,"InChI=1S/C5H11O2/c1-2-3-4-5-7-6/h3,6H,2,4-5H2,1H3",2
426,C5H10OOH1-4,"InChI=1S/C5H11O2/c1-2-3-4-5-7-6/h2,6H,3-5H2,1H3",2
427,C5H10OOH1-5,"InChI=1S/C5H11O2/c1-2-3-4-5-7-6/h6H,1-5H2",2
428,C5H10OOH2-1,"InChI=1S/C5H11O2/c1-3-4-5(2)7-6/h5-6H,2-4H2,1H3",2
429,C5H10OOH2-3,"InChI=1S/C5H11O2/c1-3-4-5(2)7-6/h4-6H,3H2,1-2H3",2
430,C5H10OOH2-4,"InChI=1S/C5H11O2/c1-3-4-5(2)7-6/h3,5-6H,4H2,1-2H3",2
431,C5H10OOH2-5,"InChI=1S/C5H11O2/c1-3-4-5(2)7-6/h5-6H,1,3-4H2,2H3",2
432,C5H10OOH3-1,"InChI=1S/C5H11O2/c1-3-5(4-2)7-6/h5-6H,1,3-4H2,2H3",2
433,C5H10OOH3-2,"InChI=1S/C5H11O2/c1-3-5(4-2)7-6/h3,5-6H,4H2,1-2H3",2
434,C5H10O1-2,"InChI=1S/C5H10O/c1-2-3-5-4-6-5/h5H,2-4H2,1H3",1
435,C5H10O1-3,"InChI=1S/C5H10O/c1-2-5-3-4-6-5/h5H,2-4H2,1H3",1
436,C5H10O1-4,"InChI=1S/C5H10O/c1-5-3-2-4-6-5/h5H,2-4H2,1H3",1
437,C5H10O1-5,InChI=1S/C5H10O/c1-2-4-6-5-3-1/h1-5H2,1
438,C5H10O2-3,"InChI=1S/C5H10O/c1-3-5-4(2)6-5/h4-5H,3H2,1-2H3",1
439,C5H10O2-4,"InChI=1S/C5H10O/c1-4-3-5(2)6-4/h4-5H,3H2,1-2H3",1
440,C5H10OOH1-2O2,"InChI=1S/C5H11O4/c1-2-3-5(9-7)4-8-6/h5-6H,2-4H2,1H3",2
441,C5H10OOH1-3O2,"InChI=1S/C5H11O4/c1-2-5(9-7)3-4-8-6/h5-6H,2-4H2,1H3",2
442,C5H10OOH1-4O2,"InChI=1S/C5H11O4/c1-5(9-7)3-2-4-8-6/h5-6H,2-4H2,1H3",2
443,C5H10OOH1-5O2,"InChI=1S/C5H11O4/c6-8-4-2-1-3-5-9-7/h6H,1-5H2",2
444,C5H10OOH2-1O2,"InChI=1S/C5H11O4/c1-2-3-5(9-7)4-8-6/h5,7H,2-4H2,1H3",2
445,C5H10OOH2-3O2,"InChI=1S/C5H11O4/c1-3-5(9-7)4(2)8-6/h4-6H,3H2,1-2H3",2
446,C5H10OOH2-4O2,"InChI=1S/C5H11O4/c1-4(8-6)3-5(2)9-7/h4-6H,3H2,1-2H3",2
447,C5H10OOH2-5O2,"InChI=1S/C5H11O4/c1-5(9-7)3-2-4-8-6/h5,7H,2-4H2,1H3",2
448,C5H10OOH3-1O2,"InChI=1S/C5H11O4/c1-2-5(9-7)3-4-8-6/h5,7H,2-4H2,1H3",2
449,C5H10OOH3-2O2,"InChI=1S/C5H11O4/c1-3-5(9-7)4(2)8-6/h4-5,7H,3H2,1-2H3",2
450,"C5H91-2,3OOH","InChI=1S/C5H11O4/c1-3-5(9-7)4(2)8-6/h4-7H,2-3H2,1H3",2
451,"C5H91-2,4OOH","InChI=1S/C5H11O4/c1-4(8-6)3-5(2)9-7/h4-7H,1,3H2,2H3",2
452,"C5H91-2,5OOH","InChI=1S/C5H11O4/c1-5(9-7)3-2-4-8-6/h5-7H,1-4H2",2
453,"C5H91-3,4OOH","InChI=1S/C5H11O4/c1-3-5(9-7)4(2)8-6/h4-7H,1,3H2,2H3",2
454,"C5H91-3,5OOH","InChI=1S/C5H11O4/c1-2-5(9-7)3-4-8-6/h5-7H,1-4H2",2
455,"C5H91-4,5OOH","InChI=1S/C5H11O4/c1-2-3-5(9-7)4-8-6/h5-7H,1-4H2",2
456,"C5H92-1,3OOH","InChI=1S/C5H11O4/c1-2-5(9-7)3-4-8-6/h3,5-7H,2,4H2,1H3",2
457,"C5H92-1,4OOH","InChI=1S/C5H11O4/c1-5(9-7)3-2-4-8-6/h2,5-7H,3-4H2,1H3",2
458,"C5H92-1,5OOH","InChI=1S/C5H11O4/c6-8-4-2-1-3-5-9-7/h2,6-7H,1,3-5H2",2
459,"C5H92-3,4OOH","InChI=1S/C5H11O4/c1-3-5(9-7)4(2)8-6/h3-7H,1-2H3",2
460,"C5H92-3,5OOH","InChI=1S/C5H11O4/c1-2-5(9-7)3-4-8-6/h2,5-7H,3-4H2,1H3",2
461,"C5H92-4,5OOH","InChI=1S/C5H11O4/c1-2-3-5(9-7)4-8-6/h2,5-7H,3-4H2,1H3",2
462,"C5H93-1,2OOH","InChI=1S/C5H11O4/c1-2-3-5(9-7)4-8-6/h3,5-7H,2,4H2,1H3",2
463,"C5H93-1,4OOH","InChI=1S/C5H11O4/c1-5(9-7)3-2-4-8-6/h3,5-7H,2,4H2,1H3",2
464,"C5H93-1,5OOH","InChI=1S/C5H11O4/c6-8-4-2-1-3-5-9-7/h1,6-7H,2-5H2",2
465,"C5H93-2,4OOH","InChI=1S/C5H11O4/c1-4(8-6)3-5(2)9-7/h3-7H,1-2H3",2
466,C5H91-3OOH,"InChI=1S/C5H10O2/c1-3-5(4-2)7-6/h3,5-6H,1,4H2,2H3",1
467,C5H91-4OOH,"InChI=1S/C5H10O2/c1-3-4-5(2)7-6/h3,5-6H,1,4H2,2H3",1
468,C5H91-5OOH,"InChI=1S/C5H10O2/c1-2-3-4-5-7-6/h2,6H,1,3-5H2",1
469,C5H92-1OOH,"InChI=1S/C5H10O2/c1-2-3-4-5-7-6/h3-4,6H,2,5H2,1H3",1
470,C5H92-4OOH,"InChI=1S/C5H10O2/c1-3-4-5(2)7-6/h3-6H,1-2H3",1
471,C5H92-5OOH,"InChI=1S/C5H10O2/c1-2-3-4-5-7-6/h2-3,6H,4-5H2,1H3",1
472,C5H9O1-2OOH-3,"InChI=1S/C5H10O3/c1-2-4(8-6)5-3-7-5/h4-6H,2-3H2,1H3",1
473,C5H9O1-2OOH-4,"InChI=1S/C5H10O3/c1-4(8-6)2-5-3-7-5/h4-6H,2-3H2,1H3",1
474,C5H9O1-2OOH-5,"InChI=1S/C5H10O3/c6-8-3-1-2-5-4-7-5/h5-6H,1-4H2",1
475,C5H9O1-3OOH-2,"InChI=1S/C5H10O3/c1-2-4-5(8-6)3-7-4/h4-6H,2-3H2,1H3",1
476,C5H9O1-3OOH-4,"InChI=1S/C5H10O3/c1-4(8-6)5-2-3-7-5/h4-6H,2-3H2,1H3",1
477,C5H9O1-3OOH-5,"InChI=1S/C5H10O3/c6-8-4-2-5-1-3-7-5/h5-6H,1-4H2",1
478,C5H9O1-4OOH-2,"InChI=1S/C5H10O3/c1-4-2-5(8-6)3-7-4/h4-6H,2-3H2,1H3",1
479,C5H9O1-4OOH-3,"InChI=1S/C5H10O3/c1-4-5(8-6)2-3-7-4/h4-6H,2-3H2,1H3",1
480,C5H9O1-4OOH-5,"InChI=1S/C5H10O3/c6-8-4-5-2-1-3-7-5/h5-6H,1-4H2",1
481,C5H9O1-5OOH-2,"InChI=1S/C5H10O3/c6-8-5-2-1-3-7-4-5/h5-6H,1-4H2",1
482,C5H9O1-5OOH-3,"InChI=1S/C5H10O3/c6-8-5-1-3-7-4-2-5/h5-6H,1-4H2",1
483,C5H9O2-3OOH-1,"InChI=1S/C5H10O3/c1-2-4-5(8-4)3-7-6/h4-6H,2-3H2,1H3",1
484,C5H9O2-3OOH-4,"InChI=1S/C5H10O3/c1-3-5(7-3)4(2)8-6/h3-6H,1-2H3",1
485,C5H9O2-3OOH-5,"InChI=1S/C5H10O3/c1-4-5(8-4)2-3-7-6/h4-6H,2-3H2,1H3",1
486,C5H9O2-4OOH-1,"InChI=1S/C5H10O3/c1-4-2-5(8-4)3-7-6/h4-6H,2-3H2,1H3",1
487,C5H9O2-4OOH-3,"InChI=1S/C5H10O3/c1-3-5(8-6)4(2)7-3/h3-6H,1-2H3",1
488,C5H9O1-2O-5,"InChI=1S/C5H9O2/c6-3-1-2-5-4-7-5/h5H,1-4H2",2
489,CH2CH2OCH2CH2CHO,"InChI=1S/C5H9O2/c1-2-7-5-3-4-6/h4H,1-3,5H2",2
490,NC5KET12,"InChI=1S/C5H10O3/c1-2-3-5(4-6)8-7/h4-5,7H,2-3H2,1H3",1
491,NC5KET13,"InChI=1S/C5H10O3/c1-2-5(8-7)3-4-6/h4-5,7H,2-3H2,1H3",1
492,NC5KET14,"InChI=1S/C5H10O3/c1-5(8-7)3-2-4-6/h4-5,7H,2-3H2,1H3",1
493,NC5KET15,"InChI=1S/C5H10O3/c6-4-2-1-3-5-8-7/h4,7H,1-3,5H2",1
494,NC5KET21,"InChI=1S/C5H10O3/c1-2-3-5(6)4-8-7/h7H,2-4H2,1H3",1
495,NC5KET23,"InChI=1S/C5H10O3/c1-3-5(8-7)4(2)6/h5,7H,3H2,1-2H3",1
496,NC5KET24,"InChI=1S/C5H10O3/c1-4(6)3-5(2)8-7/h5,7H,3H2,1-2H3",1
497,NC5KET25,"InChI=1S/C5H10O3/c1-5(6)3-2-4-8-7/h7H,2-4H2,1H3",1
498,NC5KET31,"InChI=1S/C5H10O3/c1-2-5(6)3-4-8-7/h7H,2-4H2,1H3",1
499,NC5KET32,"InChI=1S/C5H10O3/c1-3-5(6)4(2)8-7/h4,7H,3H2,1-2H3",1
500,NC5KET12O,"InChI=1S/C5H9O2/c1-2-3-5(7)4-6/h4-5H,2-3H2,1H3",2
501,NC5KET13O,"InChI=1S/C5H9O2/c1-2-5(7)3-4-6/h4-5H,2-3H2,1H3",2
502,NC5KET14O,"InChI=1S/C5H9O2/c1-5(7)3-2-4-6/h4-5H,2-3H2,1H3",2
503,NC5KET15O,"InChI=1S/C5H9O2/c6-4-2-1-3-5-7/h4H,1-3,5H2",2
504,NC5KET21O,"InChI=1S/C5H9O2/c1-2-3-5(7)4-6/h2-4H2,1H3",2
505,NC5KET23O,"InChI=1S/C5H9O2/c1-3-5(7)4(2)6/h5H,3H2,1-2H3",2
506,NC5KET24O,"InChI=1S/C5H9O2/c1-4(6)3-5(2)7/h4H,3H2,1-2H3",2
507,NC5KET25O,"InChI=1S/C5H9O2/c1-5(7)3-2-4-6/h2-4H2,1H3",2
508,NC5KET31O,"InChI=1S/C5H9O2/c1-2-5(7)3-4-6/h2-4H2,1H3",2
509,NC5KET32O,"InChI=1S/C5H9O2/c1-3-5(7)4(2)6/h4H,3H2,1-2H3",2
510,NC5DIONE13,"InChI=1S/C5H8O2/c1-2-5(7)3-4-6/h4H,2-3H2,1H3",1
511,NC5DIONE24,"InChI=1S/C5H8O2/c1-4(6)3-5(2)7/h3H2,1-2H3",1
512,C5H10OH23,"InChI=1S/C5H11O/c1-3-4-5(2)6/h4-6H,3H2,1-2H3",2
513,O2C5H10OH23,"InChI=1S/C5H11O3/c1-3-5(8-7)4(2)6/h4-6H,3H2,1-2H3",2
514,OCH2CHO,"InChI=1S/C2H3O2/c3-1-2-4/h1H,2H2",2
515,CH2OCH2CHO,"InChI=1S/C3H5O2/c1-5-3-2-4/h2H,1,3H2",2
516,C2H4OCHO,"InChI=1S/C3H5O2/c1-3(5)2-4/h2-3H,1H3",2
517,C5H10OOH1-3OH,"InChI=1S/C5H12O3/c1-2-5(6)3-4-8-7/h5-7H,2-4H2,1H3",1
518,C5H10OOH2-4OH,"InChI=1S/C5H12O3/c1-4(6)3-5(2)8-7/h4-7H,3H2,1-2H3",1
519,C5H10OOH3-1OH,"InChI=1S/C5H12O3/c1-2-5(8-7)3-4-6/h5-7H,2-4H2,1H3",1
520,NC5CYCPER13,"InChI=1S/C5H10O3/c1-2-4-3-5(6)8-7-4/h4-6H,2-3H2,1H3",1
521,NC5CYCPER24,"InChI=1S/C5H10O3/c1-4-3-5(2,6)8-7-4/h4,6H,3H2,1-2H3",1
522,NC5CYCPER31,"InChI=1S/C5H10O3/c1-2-5(6)3-4-7-8-5/h6H,2-4H2,1H3",1
523,IC5H12,"InChI=1S/C5H12/c1-4-5(2)3/h5H,4H2,1-3H3",1
524,AC5H11,"InChI=1S/C5H11/c1-4-5(2)3/h5H,2,4H2,1,3H3",2
525,BC5H11,"InChI=1S/C5H11/c1-4-5(2)3/h4H2,1-3H3",2
526,CC5H11,"InChI=1S/C5H11/c1-4-5(2)3/h4-5H,1-3H3",2
527,DC5H11,"InChI=1S/C5H11/c1-4-5(2)3/h5H,1,4H2,2-3H3",2
528,AC5H9O-A2,"InChI=1S/C5H9O/c1-3-5(2)4-6/h2-4H2,1H3",2
529,AC5H11O2H,"InChI=1S/C5H12O2/c1-3-5(2)4-7-6/h5-6H,3-4H2,1-2H3",1
530,BC5H11O2H,"InChI=1S/C5H12O2/c1-4-5(2,3)7-6/h6H,4H2,1-3H3",1
531,CC5H11O2H,"InChI=1S/C5H12O2/c1-4(2)5(3)7-6/h4-6H,1-3H3",1
532,DC5H11O2H,"InChI=1S/C5H12O2/c1-5(2)3-4-7-6/h5-6H,3-4H2,1-2H3",1
533,AC5H11O2,"InChI=1S/C5H11O2/c1-3-5(2)4-7-6/h5H,3-4H2,1-2H3",2
534,BC5H11O2,"InChI=1S/C5H11O2/c1-4-5(2,3)7-6/h4H2,1-3H3",2
535,CC5H11O2,"InChI=1S/C5H11O2/c1-4(2)5(3)7-6/h4-5H,1-3H3",2
536,DC5H11O2,"InChI=1S/C5H11O2/c1-5(2)3-4-7-6/h5H,3-4H2,1-2H3",2
537,AC5H11O,"InChI=1S/C5H11O/c1-3-5(2)4-6/h5H,3-4H2,1-2H3",2
538,BC5H11O,"InChI=1S/C5H11O/c1-4-5(2,3)6/h4H2,1-3H3",2
539,CC5H11O,"InChI=1S/C5H11O/c1-4(2)5(3)6/h4-5H,1-3H3",2
540,DC5H11O,"InChI=1S/C5H11O/c1-5(2)3-4-6/h5H,3-4H2,1-2H3",2
541,AC5H10OOH-A,"InChI=1S/C5H11O2/c1-3-5(2)4-7-6/h5-6H,2-4H2,1H3",2
542,AC5H10OOH-B,"InChI=1S/C5H11O2/c1-3-5(2)4-7-6/h6H,3-4H2,1-2H3",2
543,AC5H10OOH-C,"InChI=1S/C5H11O2/c1-3-5(2)4-7-6/h3,5-6H,4H2,1-2H3",2
544,AC5H10OOH-D,"InChI=1S/C5H11O2/c1-3-5(2)4-7-6/h5-6H,1,3-4H2,2H3",2
545,BC5H10OOH-A,"InChI=1S/C5H11O2/c1-4-5(2,3)7-6/h6H,2,4H2,1,3H3",2
546,BC5H10OOH-C,"InChI=1S/C5H11O2/c1-4-5(2,3)7-6/h4,6H,1-3H3",2
547,BC5H10OOH-D,"InChI=1S/C5H11O2/c1-4-5(2,3)7-6/h6H,1,4H2,2-3H3",2
548,CC5H10OOH-A,"InChI=1S/C5H11O2/c1-4(2)5(3)7-6/h4-6H,1H2,2-3H3",2
549,CC5H10OOH-B,"InChI=1S/C5H11O2/c1-4(2)5(3)7-6/h5-6H,1-3H3",2
550,CC5H10OOH-D,"InChI=1S/C5H11O2/c1-4(2)5(3)7-6/h4-6H,3H2,1-2H3",2
551,DC5H10OOH-A,"InChI=1S/C5H11O2/c1-5(2)3-4-7-6/h5-6H,1,3-4H2,2H3",2
552,DC5H10OOH-B,"InChI=1S/C5H11O2/c1-5(2)3-4-7-6/h6H,3-4H2,1-2H3",2
553,DC5H10OOH-C,"InChI=1S/C5H11O2/c1-5(2)3-4-7-6/h3,5-6H,4H2,1-2H3",2
554,A-AC5H10O,"InChI=1S/C5H10O/c1-2-5-3-6-4-5/h5H,2-4H2,1H3",1
555,A-BC5H10O,"InChI=1S/C5H10O/c1-3-5(2)4-6-5/h3-4H2,1-2H3",1
556,A-CC5H10O,"InChI=1S/C5H10O/c1-4-3-6-5(4)2/h4-5H,3H2,1-2H3",1
557,A-DC5H10O,"InChI=1S/C5H10O/c1-5-2-3-6-4-5/h5H,2-4H2,1H3",1
558,B-CC5H10O,"InChI=1S/C5H10O/c1-4-5(2,3)6-4/h4H,1-3H3",1
559,B-DC5H10O,"InChI=1S/C5H10O/c1-5(2)3-4-6-5/h3-4H2,1-2H3",1
560,C-DC5H10O,"InChI=1S/C5H10O/c1-4(2)5-3-6-5/h4-5H,3H2,1-2H3",1
561,AC5H10OOH-AO2,"InChI=1S/C5H11O4/c1-2-5(3-8-6)4-9-7/h5-6H,2-4H2,1H3",2
562,AC5H10OOH-BO2,"InChI=1S/C5H11O4/c1-3-5(2,9-7)4-8-6/h6H,3-4H2,1-2H3",2
563,AC5H10OOH-CO2,"InChI=1S/C5H11O4/c1-4(3-8-6)5(2)9-7/h4-6H,3H2,1-2H3",2
564,AC5H10OOH-DO2,"InChI=1S/C5H11O4/c1-5(4-9-7)2-3-8-6/h5,7H,2-4H2,1H3",2
565,BC5H10OOH-AO2,"InChI=1S/C5H11O4/c1-3-5(2,9-7)4-8-6/h7H,3-4H2,1-2H3",2
566,BC5H10OOH-CO2,"InChI=1S/C5H11O4/c1-4(8-6)5(2,3)9-7/h4,7H,1-3H3",2
567,BC5H10OOH-DO2,"InChI=1S/C5H11O4/c1-5(2,9-7)3-4-8-6/h7H,3-4H2,1-2H3",2
568,CC5H10OOH-AO2,"InChI=1S/C5H11O4/c1-4(3-8-6)5(2)9-7/h4-5,7H,3H2,1-2H3",2
569,CC5H10OOH-BO2,"InChI=1S/C5H11O4/c1-4(8-6)5(2,3)9-7/h4,6H,1-3H3",2
570,CC5H10OOH-DO2,"InChI=1S/C5H11O4/c1-4(2)5(9-7)3-8-6/h4-5,7H,3H2,1-2H3",2
571,DC5H10OOH-AO2,"InChI=1S/C5H11O4/c1-5(4-9-7)2-3-8-6/h5-6H,2-4H2,1H3",2
572,DC5H10OOH-BO2,"InChI=1S/C5H11O4/c1-5(2,9-7)3-4-8-6/h6H,3-4H2,1-2H3",2
573,DC5H10OOH-CO2,"InChI=1S/C5H11O4/c1-4(2)5(9-7)3-8-6/h4-6H,3H2,1-2H3",2
574,"C5H9A-A,BOOH","InChI=1S/C5H11O4/c1-3-5(2,9-7)4-8-6/h6-7H,2-4H2,1H3",2
575,"C5H9A-A,COOH","InChI=1S/C5H11O4/c1-4(3-8-6)5(2)9-7/h4-7H,1,3H2,2H3",2
576,"C5H9A-A,DOOH","InChI=1S/C5H11O4/c1-5(4-9-7)2-3-8-6/h5-7H,1-4H2",2
577,"C5H9A-B,COOH","InChI=1S/C5H11O4/c1-4(8-6)5(2,3)9-7/h4,6-7H,2H2,1,3H3",2
578,"C5H9A-B,DOOH","InChI=1S/C5H11O4/c1-5(2,9-7)3-4-8-6/h6-7H,1,3-4H2,2H3",2
579,"C5H9A-C,DOOH","InChI=1S/C5H11O4/c1-4(2)5(9-7)3-8-6/h4-7H,1,3H2,2H3",2
580,"C5H9B-A,AOOH","InChI=1S/C5H11O4/c1-2-5(3-8-6)4-9-7/h6-7H,2-4H2,1H3",2
581,"C5H9B-A,COOH","InChI=1S/C5H11O4/c1-4(3-8-6)5(2)9-7/h5-7H,3H2,1-2H3",2
582,"C5H9B-A,DOOH","InChI=1S/C5H11O4/c1-5(4-9-7)2-3-8-6/h6-7H,2-4H2,1H3",2
583,"C5H9B-C,DOOH","InChI=1S/C5H11O4/c1-4(2)5(9-7)3-8-6/h5-7H,3H2,1-2H3",2
584,"C5H9C-A,AOOH","InChI=1S/C5H11O4/c1-2-5(3-8-6)4-9-7/h2,5-7H,3-4H2,1H3",2
585,"C5H9C-A,BOOH","InChI=1S/C5H11O4/c1-3-5(2,9-7)4-8-6/h3,6-7H,4H2,1-2H3",2
586,"C5H9C-A,DOOH","InChI=1S/C5H11O4/c1-5(4-9-7)2-3-8-6/h2,5-7H,3-4H2,1H3",2
587,"C5H9C-B,DOOH","InChI=1S/C5H11O4/c1-5(2,9-7)3-4-8-6/h3,6-7H,4H2,1-2H3",2
588,"C5H9D-A,AOOH","InChI=1S/C5H11O4/c1-2-5(3-8-6)4-9-7/h5-7H,1-4H2",2
589,"C5H9D-A,BOOH","InChI=1S/C5H11O4/c1-3-5(2,9-7)4-8-6/h6-7H,1,3-4H2,2H3",2
590,"C5H9D-A,COOH","InChI=1S/C5H11O4/c1-4(3-8-6)5(2)9-7/h4-7H,2-3H2,1H3",2
591,"C5H9D-B,COOH","InChI=1S/C5H11O4/c1-4(8-6)5(2,3)9-7/h4,6-7H,1H2,2-3H3",2
592,C5H9A-AOOH,"InChI=1S/C5H10O2/c1-3-5(2)4-7-6/h6H,2-4H2,1H3",1
593,C5H9A-COOH,"InChI=1S/C5H10O2/c1-4(2)5(3)7-6/h5-6H,1H2,2-3H3",1
594,C5H9A-DOOH,"InChI=1S/C5H10O2/c1-5(2)3-4-7-6/h6H,1,3-4H2,2H3",1
595,C5H9B-AOOH,"InChI=1S/C5H10O2/c1-3-5(2)4-7-6/h3,6H,4H2,1-2H3",1
596,C5H9B-DOOH,"InChI=1S/C5H10O2/c1-5(2)3-4-7-6/h3,6H,4H2,1-2H3",1
597,C5H9C-AOOH,"InChI=1S/C5H10O2/c1-3-5(2)4-7-6/h3,5-6H,1,4H2,2H3",1
598,C5H9C-BOOH,"InChI=1S/C5H10O2/c1-4-5(2,3)7-6/h4,6H,1H2,2-3H3",1
599,C5H9OA-AOOH-B,"InChI=1S/C5H10O3/c1-2-5(8-6)3-7-4-5/h6H,2-4H2,1H3",1
600,C5H9OA-AOOH-C,"InChI=1S/C5H10O3/c1-4(8-6)5-2-7-3-5/h4-6H,2-3H2,1H3",1
601,C5H9OA-AOOH-D,"InChI=1S/C5H10O3/c6-8-2-1-5-3-7-4-5/h5-6H,1-4H2",1
602,C5H9OA-BOOH-A,"InChI=1S/C5H10O3/c1-2-5(3-7-5)4-8-6/h6H,2-4H2,1H3",1
603,C5H9OA-BOOH-C,"InChI=1S/C5H10O3/c1-4(8-6)5(2)3-7-5/h4,6H,3H2,1-2H3",1
604,C5H9OA-BOOH-D,"InChI=1S/C5H10O3/c1-5(4-7-5)2-3-8-6/h6H,2-4H2,1H3",1
605,C5H9OA-COOH-A,"InChI=1S/C5H10O3/c1-4-5(2-7-4)3-8-6/h4-6H,2-3H2,1H3",1
606,C5H9OA-COOH-B,"InChI=1S/C5H10O3/c1-4-5(2,8-6)3-7-4/h4,6H,3H2,1-2H3",1
607,C5H9OA-COOH-D,"InChI=1S/C5H10O3/c1-4-2-7-5(4)3-8-6/h4-6H,2-3H2,1H3",1
608,C5H9OA-DOOH-A,"InChI=1S/C5H10O3/c6-8-4-5-1-2-7-3-5/h5-6H,1-4H2",1
609,C5H9OA-DOOH-B,"InChI=1S/C5H10O3/c1-5(8-6)2-3-7-4-5/h6H,2-4H2,1H3",1
610,C5H9OA-DOOH-C,"InChI=1S/C5H10O3/c1-4-2-7-3-5(4)8-6/h4-6H,2-3H2,1H3",1
611,C5H9OB-COOH-A,"InChI=1S/C5H10O3/c1-4-5(2,8-4)3-7-6/h4,6H,3H2,1-2H3",1
612,C5H9OB-COOH-D,"InChI=1S/C5H10O3/c1-5(2)4(8-5)3-7-6/h4,6H,3H2,1-2H3",1
613,C5H9OB-DOOH-A,"InChI=1S/C5H10O3/c1-5(4-8-6)2-3-7-5/h6H,2-4H2,1H3",1
614,C5H9OB-DOOH-C,"InChI=1S/C5H10O3/c1-5(2)4(8-6)3-7-5/h4,6H,3H2,1-2H3",1
615,C5H9OC-DOOH-A,"InChI=1S/C5H10O3/c1-4(2-8-6)5-3-7-5/h4-6H,2-3H2,1H3",1
616,C5H9OC-DOOH-B,"InChI=1S/C5H10O3/c1-5(2,8-6)4-3-7-4/h4,6H,3H2,1-2H3",1
617,CH3COCH2OCH2CH2,"InChI=1S/C5H9O2/c1-3-7-4-5(2)6/h1,3-4H2,2H3",2
618,IC5KETAA,"InChI=1S/C5H10O3/c1-2-5(3-6)4-8-7/h3,5,7H,2,4H2,1H3",1
619,IC5KETAB,"InChI=1S/C5H10O3/c1-3-5(2,4-6)8-7/h4,7H,3H2,1-2H3",1
620,IC5KETAC,"InChI=1S/C5H10O3/c1-4(3-6)5(2)8-7/h3-5,7H,1-2H3",1
621,IC5KETAD,"InChI=1S/C5H10O3/c1-5(4-6)2-3-8-7/h4-5,7H,2-3H2,1H3",1
622,IC5KETCA,"InChI=1S/C5H10O3/c1-4(3-8-7)5(2)6/h4,7H,3H2,1-2H3",1
623,IC5KETCB,"InChI=1S/C5H10O3/c1-4(6)5(2,3)8-7/h7H,1-3H3",1
624,IC5KETCD,"InChI=1S/C5H10O3/c1-4(2)5(6)3-8-7/h4,7H,3H2,1-2H3",1
625,IC5KETDA,"InChI=1S/C5H10O3/c1-5(2-3-6)4-8-7/h3,5,7H,2,4H2,1H3",1
626,IC5KETDB,"InChI=1S/C5H10O3/c1-5(2,8-7)3-4-6/h4,7H,3H2,1-2H3",1
627,IC5KETDC,"InChI=1S/C5H10O3/c1-4(2)5(3-6)8-7/h3-5,7H,1-2H3",1
628,IC5KETAAO,"InChI=1S/C5H9O2/c1-2-5(3-6)4-7/h3,5H,2,4H2,1H3",2
629,IC5KETABO,"InChI=1S/C5H9O2/c1-3-5(2,7)4-6/h4H,3H2,1-2H3",2
630,IC5KETACO,"InChI=1S/C5H9O2/c1-4(3-6)5(2)7/h3-5H,1-2H3",2
631,IC5KETADO,"InChI=1S/C5H9O2/c1-5(4-7)2-3-6/h4-5H,2-3H2,1H3",2
632,IC5KETCAO,"InChI=1S/C5H9O2/c1-4(3-6)5(2)7/h4H,3H2,1-2H3",2
633,IC5KETCBO,"InChI=1S/C5H9O2/c1-4(6)5(2,3)7/h1-3H3",2
634,IC5KETCDO,"InChI=1S/C5H9O2/c1-4(2)5(7)3-6/h4H,3H2,1-2H3",2
635,IC5KETDAO,"InChI=1S/C5H9O2/c1-5(4-7)2-3-6/h3,5H,2,4H2,1H3",2
636,IC5KETDBO,"InChI=1S/C5H9O2/c1-5(2,7)3-4-6/h4H,3H2,1-2H3",2
637,IC5KETDCO,"InChI=1S/C5H9O2/c1-4(2)5(7)3-6/h3-5H,1-2H3",2
638,AC5H10OH,"InChI=1S/C5H11O/c1-3-5(2)4-6/h6H,3-4H2,1-2H3",2
639,BC5H10OH,"InChI=1S/C5H11O/c1-4-5(2,3)6/h4,6H,1-3H3",2
640,CC5H10OH,"InChI=1S/C5H11O/c1-4(2)5(3)6/h4-6H,3H2,1-2H3",2
641,AO2C5H10OH,"InChI=1S/C5H11O3/c1-3-5(2,4-6)8-7/h6H,3-4H2,1-2H3",2
642,BO2C5H10OH,"InChI=1S/C5H11O3/c1-4(8-7)5(2,3)6/h4,6H,1-3H3",2
643,CO2C5H10OH,"InChI=1S/C5H11O3/c1-4(2)5(6)3-8-7/h4-6H,3H2,1-2H3",2
644,IC3H5COCH3,"InChI=1S/C5H8O/c1-4(2)5(3)6/h1H2,2-3H3",1
645,IC3H5COCH2,"InChI=1S/C5H7O/c1-4(2)5(3)6/h1,3H2,2H3",2
646,AC3H4COCH3,"InChI=1S/C5H7O/c1-4(2)5(3)6/h1-2H2,3H3",2
647,NEOC5H12,"InChI=1S/C5H12/c1-5(2,3)4/h1-4H3",1
648,NEOC5H11,"InChI=1S/C5H11/c1-5(2,3)4/h1H2,2-4H3",2
649,NEOC5H11O2H,"InChI=1S/C5H12O2/c1-5(2,3)4-7-6/h6H,4H2,1-3H3",1
650,NEOC5H11O2,"InChI=1S/C5H11O2/c1-5(2,3)4-7-6/h4H2,1-3H3",2
651,NEOC5H11O,"InChI=1S/C5H11O/c1-5(2,3)4-6/h4H2,1-3H3",2
652,NEOC5H10OOH,"InChI=1S/C5H11O2/c1-5(2,3)4-7-6/h6H,1,4H2,2-3H3",2
653,NEO-C5H10O,"InChI=1S/C5H10O/c1-5(2)3-6-4-5/h3-4H2,1-2H3",1
654,NEOC5H10OOH-O2,"InChI=1S/C5H11O4/c1-5(2,3-8-6)4-9-7/h6H,3-4H2,1-2H3",2
655,NEOC5H9Q2,"InChI=1S/C5H11O4/c1-5(2,3-8-6)4-9-7/h6-7H,1,3-4H2,2H3",2
656,NEOC5KET,"InChI=1S/C5H10O3/c1-5(2,3-6)4-8-7/h3,7H,4H2,1-2H3",1
657,NEOC5KETOX,"InChI=1S/C5H9O2/c1-5(2,3-6)4-7/h3H,4H2,1-2H3",2
658,NEOC5KEJOL,"InChI=1S/C5H9O2/c1-5(2,3-6)4-7/h6H,3H2,1-2H3",2
659,IC4H6Q2-II,"InChI=1S/C4H8O4/c1-4(2-7-5)3-8-6/h5-6H,1-3H2",1
660,NEOC5H9O-OOH,"InChI=1S/C5H10O3/c1-5(4-8-6)2-7-3-5/h6H,2-4H2,1H3",1
661,C5H10-1,"InChI=1S/C5H10/c1-3-5-4-2/h3H,1,4-5H2,2H3",1
662,C5H10-2,"InChI=1S/C5H10/c1-3-5-4-2/h3,5H,4H2,1-2H3",1
663,C5H81-3,"InChI=1S/C5H8/c1-3-5-4-2/h3-5H,1H2,2H3",1
664,C5H91-3,"InChI=1S/C5H9/c1-3-5-4-2/h3,5H,1,4H2,2H3",2
665,C5H91-4,"InChI=1S/C5H9/c1-3-5-4-2/h3-4H,1,5H2,2H3",2
666,C5H91-5,"InChI=1S/C5H9/c1-3-5-4-2/h3H,1-2,4-5H2",2
667,C5H92-4,"InChI=1S/C5H9/c1-3-5-4-2/h3-5H,1-2H3",2
668,C5H92-5,"InChI=1S/C5H9/c1-3-5-4-2/h4-5H,1,3H2,2H3",2
669,C5H9O1-3,"InChI=1S/C5H9O/c1-3-5(6)4-2/h3,5H,1,4H2,2H3",2
670,C5H9O2-4,"InChI=1S/C5H9O/c1-3-4-5(2)6/h3-5H,1-2H3",2
671,BC5H10,"InChI=1S/C5H10/c1-4-5(2)3/h4H,1-3H3",1
672,CC5H10,"InChI=1S/C5H10/c1-4-5(2)3/h4-5H,1H2,2-3H3",1
673,CC5H9-A,"InChI=1S/C5H9/c1-4-5(2)3/h4-5H,1-2H2,3H3",2
674,CC5H9-B,"InChI=1S/C5H9/c1-4-5(2)3/h4H,1H2,2-3H3",2
675,AC5H9O-C,"InChI=1S/C5H9O/c1-4(2)5(3)6/h5H,1H2,2-3H3",2
676,CC5H9O-B,"InChI=1S/C5H9O/c1-4-5(2,3)6/h4H,1H2,2-3H3",2
677,AC5H10,"InChI=1S/C5H10/c1-4-5(2)3/h2,4H2,1,3H3",1
678,AC5H9-A2,"InChI=1S/C5H9/c1-4-5(2)3/h2-4H2,1H3",2
679,AC5H9-C,"InChI=1S/C5H9/c1-4-5(2)3/h4H,2H2,1,3H3",2
680,AC5H9-D,"InChI=1S/C5H9/c1-4-5(2)3/h1-2,4H2,3H3",2
681,B2E2M1OJ,"InChI=1S/C5H9O/c1-3-5(2)4-6/h3H,4H2,1-2H3",2
682,B13DE2M,"InChI=1S/C5H8/c1-4-5(2)3/h4H,1-2H2,3H3",1
683,B13DE2MJ,"InChI=1S/C5H7/c1-4-5(2)3/h4H,1-3H2",2
684,B12DE3M,"InChI=1S/C5H8/c1-4-5(2)3/h1H2,2-3H3",1
685,B2E3M1OJ,"InChI=1S/C5H9O/c1-5(2)3-4-6/h3H,4H2,1-2H3",2
686,TC4H8CHO,"InChI=1S/C5H9O/c1-5(2,3)4-6/h4H,1H2,2-3H3",2
687,O2C4H8CHO,"InChI=1S/C5H9O3/c1-5(2,3-6)4-8-7/h3H,4H2,1-2H3",2
688,O2HC4H8CO,"InChI=1S/C5H9O3/c1-5(2,3-6)4-8-7/h7H,4H2,1-2H3",2
689,PC4H8CHO-1O2,"InChI=1S/C5H9O3/c1-2-3-5(4-6)8-7/h4-5H,2-3H2,1H3",2
690,PC4H8CHO-2O2,"InChI=1S/C5H9O3/c1-2-5(8-7)3-4-6/h4-5H,2-3H2,1H3",2
691,PC4H8CHO-3O2,"InChI=1S/C5H9O3/c1-5(8-7)3-2-4-6/h4-5H,2-3H2,1H3",2
692,PC4H8CHO-4O2,"InChI=1S/C5H9O3/c6-4-2-1-3-5-8-7/h4H,1-3,5H2",2
693,C4H7CHO-2,"InChI=1S/C5H8O/c1-2-3-4-5-6/h3-5H,2H2,1H3",1
694,C4H7CHO-3,"InChI=1S/C5H8O/c1-2-3-4-5-6/h2-3,5H,4H2,1H3",1
695,C4H7CHO-4,"InChI=1S/C5H8O/c1-2-3-4-5-6/h2,5H,1,3-4H2",1
696,NC3H7COCH3,"InChI=1S/C5H10O/c1-3-4-5(2)6/h3-4H2,1-2H3",1
697,C2H5COC2H5,"InChI=1S/C5H10O/c1-3-5(6)4-2/h3-4H2,1-2H3",1
698,NC3H7COCH2,"InChI=1S/C5H9O/c1-3-4-5(2)6/h2-4H2,1H3",2
699,CH3CH2CHCOCH3,"InChI=1S/C5H9O/c1-3-4-5(2)6/h4H,3H2,1-2H3",2
700,CH3CHCH2COCH3,"InChI=1S/C5H9O/c1-3-4-5(2)6/h3H,4H2,1-2H3",2
701,CH2CH2CH2COCH3,"InChI=1S/C5H9O/c1-3-4-5(2)6/h1,3-4H2,2H3",2
702,CH2CH2COC2H5,"InChI=1S/C5H9O/c1-3-5(6)4-2/h1,3-4H2,2H3",2
703,CH3CHCOC2H5,"InChI=1S/C5H9O/c1-3-5(6)4-2/h3H,4H2,1-2H3",2
704,NC52ONEO2-3,"InChI=1S/C5H9O3/c1-3-5(8-7)4(2)6/h5H,3H2,1-2H3",2
705,NC52ONEO2-4,"InChI=1S/C5H9O3/c1-4(6)3-5(2)8-7/h5H,3H2,1-2H3",2
706,NC52ONEO2-5,"InChI=1S/C5H9O3/c1-5(6)3-2-4-8-7/h2-4H2,1H3",2
707,NC53ONEO2-1,"InChI=1S/C5H9O3/c1-2-5(6)3-4-8-7/h2-4H2,1H3",2
708,NC53ONEO2-2,"InChI=1S/C5H9O3/c1-3-5(6)4(2)8-7/h4H,3H2,1-2H3",2
709,NC52ONE-3,"InChI=1S/C5H8O/c1-3-4-5(2)6/h3-4H,1-2H3",1
710,NC52ONE-4,"InChI=1S/C5H8O/c1-3-4-5(2)6/h3H,1,4H2,2H3",1
711,NC53ONE-1,"InChI=1S/C5H8O/c1-3-5(6)4-2/h3H,1,4H2,2H3",1
712,NC5H11OH,"InChI=1S/C5H12O/c1-2-3-4-5-6/h6H,2-5H2,1H3",1
713,C5H10OH11,"InChI=1S/C5H11O/c1-2-3-4-5-6/h5-6H,2-4H2,1H3",2
714,C5H10OH12,"InChI=1S/C5H11O/c1-2-3-4-5-6/h4,6H,2-3,5H2,1H3",2
715,C5H10OH13,"InChI=1S/C5H11O/c1-2-3-4-5-6/h3,6H,2,4-5H2,1H3",2
716,C5H10OH14,"InChI=1S/C5H11O/c1-2-3-4-5-6/h2,6H,3-5H2,1H3",2
717,C5H10OH15,"InChI=1S/C5H11O/c1-2-3-4-5-6/h6H,1-5H2",2
718,C5H10OH-1O2,"InChI=1S/C5H11O3/c1-2-3-4-5(6)8-7/h5-6H,2-4H2,1H3",2
719,C5H10OH-2O2,"InChI=1S/C5H11O3/c1-2-3-5(4-6)8-7/h5-6H,2-4H2,1H3",2
720,C5H10OH-3O2,"InChI=1S/C5H11O3/c1-2-5(8-7)3-4-6/h5-6H,2-4H2,1H3",2
721,C5H10OH-4O2,"InChI=1S/C5H11O3/c1-5(8-7)3-2-4-6/h5-6H,2-4H2,1H3",2
722,C5H10OH-5O2,"InChI=1S/C5H11O3/c6-4-2-1-3-5-8-7/h6H,1-5H2",2
723,C5H9OH1-1,"InChI=1S/C5H10O/c1-2-3-4-5-6/h4-6H,2-3H2,1H3",1
724,C5H9OH1-2,"InChI=1S/C5H10O/c1-2-3-4-5-6/h3-4,6H,2,5H2,1H3",1
725,C5H9OH1-3,"InChI=1S/C5H10O/c1-2-3-4-5-6/h2-3,6H,4-5H2,1H3",1
726,C5H9OH1-4,"InChI=1S/C5H10O/c1-2-3-4-5-6/h2,6H,1,3-5H2",1
727,NC6H14,"InChI=1S/C6H14/c1-3-5-6-4-2/h3-6H2,1-2H3",1
728,C6H13-1,"InChI=1S/C6H13/c1-3-5-6-4-2/h1,3-6H2,2H3",2
729,C6H13-2,"InChI=1S/C6H13/c1-3-5-6-4-2/h3H,4-6H2,1-2H3",2
730,C6H13-3,"InChI=1S/C6H13/c1-3-5-6-4-2/h5H,3-4,6H2,1-2H3",2
731,C6H13OOH-1,"InChI=1S/C6H14O2/c1-2-3-4-5-6-8-7/h7H,2-6H2,1H3",1
732,C6H13OOH-2,"InChI=1S/C6H14O2/c1-3-4-5-6(2)8-7/h6-7H,3-5H2,1-2H3",1
733,C6H13OOH-3,"InChI=1S/C6H14O2/c1-3-5-6(4-2)8-7/h6-7H,3-5H2,1-2H3",1
734,C6H13O2-1,"InChI=1S/C6H13O2/c1-2-3-4-5-6-8-7/h2-6H2,1H3",2
735,C6H13O2-2,"InChI=1S/C6H13O2/c1-3-4-5-6(2)8-7/h6H,3-5H2,1-2H3",2
736,C6H13O2-3,"InChI=1S/C6H13O2/c1-3-5-6(4-2)8-7/h6H,3-5H2,1-2H3",2
737,C6H13O-1,"InChI=1S/C6H13O/c1-2-3-4-5-6-7/h2-6H2,1H3",2
738,C6H13O-2,"InChI=1S/C6H13O/c1-3-4-5-6(2)7/h6H,3-5H2,1-2H3",2
739,C6H13O-3,"InChI=1S/C6H13O/c1-3-5-6(7)4-2/h6H,3-5H2,1-2H3",2
740,C6H12OOH1-2,"InChI=1S/C6H13O2/c1-2-3-4-5-6-8-7/h5,7H,2-4,6H2,1H3",2
741,C6H12OOH1-3,"InChI=1S/C6H13O2/c1-2-3-4-5-6-8-7/h4,7H,2-3,5-6H2,1H3",2
742,C6H12OOH1-4,"InChI=1S/C6H13O2/c1-2-3-4-5-6-8-7/h3,7H,2,4-6H2,1H3",2
743,C6H12OOH1-5,"InChI=1S/C6H13O2/c1-2-3-4-5-6-8-7/h2,7H,3-6H2,1H3",2
744,C6H12OOH2-1,"InChI=1S/C6H13O2/c1-3-4-5-6(2)8-7/h6-7H,2-5H2,1H3",2
745,C6H12OOH2-3,"InChI=1S/C6H13O2/c1-3-4-5-6(2)8-7/h5-7H,3-4H2,1-2H3",2
746,C6H12OOH2-4,"InChI=1S/C6H13O2/c1-3-4-5-6(2)8-7/h4,6-7H,3,5H2,1-2H3",2
747,C6H12OOH2-5,"InChI=1S/C6H13O2/c1-3-4-5-6(2)8-7/h3,6-7H,4-5H2,1-2H3",2
748,C6H12OOH2-6,"InChI=1S/C6H13O2/c1-3-4-5-6(2)8-7/h6-7H,1,3-5H2,2H3",2
749,C6H12OOH3-1,"InChI=1S/C6H13O2/c1-3-5-6(4-2)8-7/h6-7H,2-5H2,1H3",2
750,C6H12OOH3-2,"InChI=1S/C6H13O2/c1-3-5-6(4-2)8-7/h4,6-7H,3,5H2,1-2H3",2
751,C6H12OOH3-4,"InChI=1S/C6H13O2/c1-3-5-6(4-2)8-7/h5-7H,3-4H2,1-2H3",2
752,C6H12OOH3-5,"InChI=1S/C6H13O2/c1-3-5-6(4-2)8-7/h3,6-7H,4-5H2,1-2H3",2
753,C6H12OOH3-6,"InChI=1S/C6H13O2/c1-3-5-6(4-2)8-7/h6-7H,1,3-5H2,2H3",2
754,C6H12O1-2,"InChI=1S/C6H12O/c1-2-3-4-6-5-7-6/h6H,2-5H2,1H3",1
755,C6H12O1-3,"InChI=1S/C6H12O/c1-2-3-6-4-5-7-6/h6H,2-5H2,1H3",1
756,C6H12O1-4,"InChI=1S/C6H12O/c1-2-6-4-3-5-7-6/h6H,2-5H2,1H3",1
757,C6H12O1-5,"InChI=1S/C6H12O/c1-6-4-2-3-5-7-6/h6H,2-5H2,1H3",1
758,C6H12O2-3,"InChI=1S/C6H12O/c1-3-4-6-5(2)7-6/h5-6H,3-4H2,1-2H3",1
759,C6H12O2-4,"InChI=1S/C6H12O/c1-3-6-4-5(2)7-6/h5-6H,3-4H2,1-2H3",1
760,C6H12O2-5,"InChI=1S/C6H12O/c1-5-3-4-6(2)7-5/h5-6H,3-4H2,1-2H3",1
761,C6H12O3-4,"InChI=1S/C6H12O/c1-3-5-6(4-2)7-5/h5-6H,3-4H2,1-2H3",1
762,C6H12OOH1-2O2,"InChI=1S/C6H13O4/c1-2-3-4-6(10-8)5-9-7/h6-7H,2-5H2,1H3",2
763,C6H12OOH1-3O2,"InChI=1S/C6H13O4/c1-2-3-6(10-8)4-5-9-7/h6-7H,2-5H2,1H3",2
764,C6H12OOH1-4O2,"InChI=1S/C6H13O4/c1-2-6(10-8)4-3-5-9-7/h6-7H,2-5H2,1H3",2
765,C6H12OOH1-5O2,"InChI=1S/C6H13O4/c1-6(10-8)4-2-3-5-9-7/h6-7H,2-5H2,1H3",2
766,C6H12OOH2-1O2,"InChI=1S/C6H13O4/c1-2-3-4-6(10-8)5-9-7/h6,8H,2-5H2,1H3",2
767,C6H12OOH2-3O2,"InChI=1S/C6H13O4/c1-3-4-6(10-8)5(2)9-7/h5-7H,3-4H2,1-2H3",2
768,C6H12OOH2-4O2,"InChI=1S/C6H13O4/c1-3-6(10-8)4-5(2)9-7/h5-7H,3-4H2,1-2H3",2
769,C6H12OOH2-5O2,"InChI=1S/C6H13O4/c1-5(9-7)3-4-6(2)10-8/h5-7H,3-4H2,1-2H3",2
770,C6H12OOH2-6O2,"InChI=1S/C6H13O4/c1-6(10-8)4-2-3-5-9-7/h6,8H,2-5H2,1H3",2
771,C6H12OOH3-1O2,"InChI=1S/C6H13O4/c1-2-3-6(10-8)4-5-9-7/h6,8H,2-5H2,1H3",2
772,C6H12OOH3-2O2,"InChI=1S/C6H13O4/c1-3-4-6(10-8)5(2)9-7/h5-6,8H,3-4H2,1-2H3",2
773,C6H12OOH3-4O2,"InChI=1S/C6H13O4/c1-3-5(9-7)6(4-2)10-8/h5-7H,3-4H2,1-2H3",2
774,C6H12OOH3-5O2,"InChI=1S/C6H13O4/c1-3-6(10-8)4-5(2)9-7/h5-6,8H,3-4H2,1-2H3",2
775,C6H12OOH3-6O2,"InChI=1S/C6H13O4/c1-2-6(10-8)4-3-5-9-7/h6,8H,2-5H2,1H3",2
776,C6H11-1D3OOH,"InChI=1S/C6H12O2/c1-3-5-6(4-2)8-7/h4,6-7H,2-3,5H2,1H3",1
777,C6H11-1D4OOH,"InChI=1S/C6H12O2/c1-3-5-6(4-2)8-7/h3,6-7H,1,4-5H2,2H3",1
778,C6H11-1D5OOH,"InChI=1S/C6H12O2/c1-3-4-5-6(2)8-7/h3,6-7H,1,4-5H2,2H3",1
779,C6H11-1D6OOH,"InChI=1S/C6H12O2/c1-2-3-4-5-6-8-7/h2,7H,1,3-6H2",1
780,C6H11-2D1OOH,"InChI=1S/C6H12O2/c1-2-3-4-5-6-8-7/h4-5,7H,2-3,6H2,1H3",1
781,C6H11-2D4OOH,"InChI=1S/C6H12O2/c1-3-5-6(4-2)8-7/h3,5-7H,4H2,1-2H3",1
782,C6H11-2D5OOH,"InChI=1S/C6H12O2/c1-3-4-5-6(2)8-7/h3-4,6-7H,5H2,1-2H3",1
783,C6H11-2D6OOH,"InChI=1S/C6H12O2/c1-2-3-4-5-6-8-7/h2-3,7H,4-6H2,1H3",1
784,C6H11-3D1OOH,"InChI=1S/C6H12O2/c1-2-3-4-5-6-8-7/h3-4,7H,2,5-6H2,1H3",1
785,C6H11-3D2OOH,"InChI=1S/C6H12O2/c1-3-4-5-6(2)8-7/h4-7H,3H2,1-2H3",1
786,C6H11Q12-3,"InChI=1S/C6H13O4/c1-2-3-4-6(10-8)5-9-7/h4,6-8H,2-3,5H2,1H3",2
787,C6H11Q12-4,"InChI=1S/C6H13O4/c1-2-3-4-6(10-8)5-9-7/h3,6-8H,2,4-5H2,1H3",2
788,C6H11Q12-5,"InChI=1S/C6H13O4/c1-2-3-4-6(10-8)5-9-7/h2,6-8H,3-5H2,1H3",2
789,C6H11Q12-6,"InChI=1S/C6H13O4/c1-2-3-4-6(10-8)5-9-7/h6-8H,1-5H2",2
790,C6H11Q13-2,"InChI=1S/C6H13O4/c1-2-3-6(10-8)4-5-9-7/h4,6-8H,2-3,5H2,1H3",2
791,C6H11Q13-4,"InChI=1S/C6H13O4/c1-2-3-6(10-8)4-5-9-7/h3,6-8H,2,4-5H2,1H3",2
792,C6H11Q13-5,"InChI=1S/C6H13O4/c1-2-3-6(10-8)4-5-9-7/h2,6-8H,3-5H2,1H3",2
793,C6H11Q13-6,"InChI=1S/C6H13O4/c1-2-3-6(10-8)4-5-9-7/h6-8H,1-5H2",2
794,C6H11Q14-2,"InChI=1S/C6H13O4/c1-2-6(10-8)4-3-5-9-7/h3,6-8H,2,4-5H2,1H3",2
795,C6H11Q14-3,"InChI=1S/C6H13O4/c1-2-6(10-8)4-3-5-9-7/h4,6-8H,2-3,5H2,1H3",2
796,C6H11Q14-5,"InChI=1S/C6H13O4/c1-2-6(10-8)4-3-5-9-7/h2,6-8H,3-5H2,1H3",2
797,C6H11Q14-6,"InChI=1S/C6H13O4/c1-2-6(10-8)4-3-5-9-7/h6-8H,1-5H2",2
798,C6H11Q15-2,"InChI=1S/C6H13O4/c1-6(10-8)4-2-3-5-9-7/h3,6-8H,2,4-5H2,1H3",2
799,C6H11Q15-3,"InChI=1S/C6H13O4/c1-6(10-8)4-2-3-5-9-7/h2,6-8H,3-5H2,1H3",2
800,C6H11Q15-4,"InChI=1S/C6H13O4/c1-6(10-8)4-2-3-5-9-7/h4,6-8H,2-3,5H2,1H3",2
801,C6H11Q15-6,"InChI=1S/C6H13O4/c1-6(10-8)4-2-3-5-9-7/h6-8H,1-5H2",2
802,C6H11Q23-1,"InChI=1S/C6H13O4/c1-3-4-6(10-8)5(2)9-7/h5-8H,2-4H2,1H3",2
803,C6H11Q23-4,"InChI=1S/C6H13O4/c1-3-4-6(10-8)5(2)9-7/h4-8H,3H2,1-2H3",2
804,C6H11Q23-5,"InChI=1S/C6H13O4/c1-3-4-6(10-8)5(2)9-7/h3,5-8H,4H2,1-2H3",2
805,C6H11Q23-6,"InChI=1S/C6H13O4/c1-3-4-6(10-8)5(2)9-7/h5-8H,1,3-4H2,2H3",2
806,C6H11Q24-1,"InChI=1S/C6H13O4/c1-3-6(10-8)4-5(2)9-7/h5-8H,2-4H2,1H3",2
807,C6H11Q24-3,"InChI=1S/C6H13O4/c1-3-6(10-8)4-5(2)9-7/h4-8H,3H2,1-2H3",2
808,C6H11Q24-5,"InChI=1S/C6H13O4/c1-3-6(10-8)4-5(2)9-7/h3,5-8H,4H2,1-2H3",2
809,C6H11Q24-6,"InChI=1S/C6H13O4/c1-3-6(10-8)4-5(2)9-7/h5-8H,1,3-4H2,2H3",2
810,C6H11Q25-1,"InChI=1S/C6H13O4/c1-5(9-7)3-4-6(2)10-8/h5-8H,1,3-4H2,2H3",2
811,C6H11Q25-3,"InChI=1S/C6H13O4/c1-5(9-7)3-4-6(2)10-8/h3,5-8H,4H2,1-2H3",2
812,C6H11Q34-1,"InChI=1S/C6H13O4/c1-3-5(9-7)6(4-2)10-8/h5-8H,1,3-4H2,2H3",2
813,C6H11Q34-2,"InChI=1S/C6H13O4/c1-3-5(9-7)6(4-2)10-8/h3,5-8H,4H2,1-2H3",2
814,C6KET12,"InChI=1S/C6H12O3/c1-2-3-4-6(5-7)9-8/h5-6,8H,2-4H2,1H3",1
815,C6KET13,"InChI=1S/C6H12O3/c1-2-3-6(9-8)4-5-7/h5-6,8H,2-4H2,1H3",1
816,C6KET14,"InChI=1S/C6H12O3/c1-2-6(9-8)4-3-5-7/h5-6,8H,2-4H2,1H3",1
817,C6KET15,"InChI=1S/C6H12O3/c1-6(9-8)4-2-3-5-7/h5-6,8H,2-4H2,1H3",1
818,C6KET21,"InChI=1S/C6H12O3/c1-2-3-4-6(7)5-9-8/h8H,2-5H2,1H3",1
819,C6KET23,"InChI=1S/C6H12O3/c1-3-4-6(9-8)5(2)7/h6,8H,3-4H2,1-2H3",1
820,C6KET24,"InChI=1S/C6H12O3/c1-3-6(9-8)4-5(2)7/h6,8H,3-4H2,1-2H3",1
821,C6KET25,"InChI=1S/C6H12O3/c1-5(7)3-4-6(2)9-8/h6,8H,3-4H2,1-2H3",1
822,C6KET26,"InChI=1S/C6H12O3/c1-6(7)4-2-3-5-9-8/h8H,2-5H2,1H3",1
823,C6KET31,"InChI=1S/C6H12O3/c1-2-3-6(7)4-5-9-8/h8H,2-5H2,1H3",1
824,C6KET32,"InChI=1S/C6H12O3/c1-3-4-6(7)5(2)9-8/h5,8H,3-4H2,1-2H3",1
825,C6KET34,"InChI=1S/C6H12O3/c1-3-5(7)6(4-2)9-8/h6,8H,3-4H2,1-2H3",1
826,C6KET35,"InChI=1S/C6H12O3/c1-3-6(7)4-5(2)9-8/h5,8H,3-4H2,1-2H3",1
827,C6KET36,"InChI=1S/C6H12O3/c1-2-6(7)4-3-5-9-8/h8H,2-5H2,1H3",1
828,C5H91-1,"InChI=1S/C5H9/c1-3-5-4-2/h1,3H,4-5H2,2H3",2
829,C6H11O12-3OOH,"InChI=1S/C6H12O3/c1-2-3-5(9-7)6-4-8-6/h5-7H,2-4H2,1H3",1
830,C6H11O12-4OOH,"InChI=1S/C6H12O3/c1-2-5(9-7)3-6-4-8-6/h5-7H,2-4H2,1H3",1
831,C6H11O12-5OOH,"InChI=1S/C6H12O3/c1-5(9-7)2-3-6-4-8-6/h5-7H,2-4H2,1H3",1
832,C6H11O12-6OOH,"InChI=1S/C6H12O3/c7-9-4-2-1-3-6-5-8-6/h6-7H,1-5H2",1
833,C6H11O13-2OOH,"InChI=1S/C6H12O3/c1-2-3-5-6(9-7)4-8-5/h5-7H,2-4H2,1H3",1
834,C6H11O13-4OOH,"InChI=1S/C6H12O3/c1-2-5(9-7)6-3-4-8-6/h5-7H,2-4H2,1H3",1
835,C6H11O13-5OOH,"InChI=1S/C6H12O3/c1-5(9-7)4-6-2-3-8-6/h5-7H,2-4H2,1H3",1
836,C6H11O13-6OOH,"InChI=1S/C6H12O3/c7-9-4-1-2-6-3-5-8-6/h6-7H,1-5H2",1
837,C6H11O14-2OOH,"InChI=1S/C6H12O3/c1-2-5-3-6(9-7)4-8-5/h5-7H,2-4H2,1H3",1
838,C6H11O14-3OOH,"InChI=1S/C6H12O3/c1-2-5-6(9-7)3-4-8-5/h5-7H,2-4H2,1H3",1
839,C6H11O14-5OOH,"InChI=1S/C6H12O3/c1-5(9-7)6-3-2-4-8-6/h5-7H,2-4H2,1H3",1
840,C6H11O14-6OOH,"InChI=1S/C6H12O3/c7-9-5-3-6-2-1-4-8-6/h6-7H,1-5H2",1
841,C6H11O15-2OOH,"InChI=1S/C6H12O3/c1-5-2-3-6(9-7)4-8-5/h5-7H,2-4H2,1H3",1
842,C6H11O15-3OOH,"InChI=1S/C6H12O3/c1-5-4-6(9-7)2-3-8-5/h5-7H,2-4H2,1H3",1
843,C6H11O15-4OOH,"InChI=1S/C6H12O3/c1-5-6(9-7)3-2-4-8-5/h5-7H,2-4H2,1H3",1
844,C6H11O15-6OOH,"InChI=1S/C6H12O3/c7-9-5-6-3-1-2-4-8-6/h6-7H,1-5H2",1
845,C6H11O23-1OOH,"InChI=1S/C6H12O3/c1-2-3-5-6(9-5)4-8-7/h5-7H,2-4H2,1H3",1
846,C6H11O23-4OOH,"InChI=1S/C6H12O3/c1-3-5(9-7)6-4(2)8-6/h4-7H,3H2,1-2H3",1
847,C6H11O23-5OOH,"InChI=1S/C6H12O3/c1-4(9-7)3-6-5(2)8-6/h4-7H,3H2,1-2H3",1
848,C6H11O23-6OOH,"InChI=1S/C6H12O3/c1-5-6(9-5)3-2-4-8-7/h5-7H,2-4H2,1H3",1
849,C6H11O24-1OOH,"InChI=1S/C6H12O3/c1-2-5-3-6(9-5)4-8-7/h5-7H,2-4H2,1H3",1
850,C6H11O24-3OOH,"InChI=1S/C6H12O3/c1-3-5-6(9-7)4(2)8-5/h4-7H,3H2,1-2H3",1
851,C6H11O24-5OOH,"InChI=1S/C6H12O3/c1-4-3-6(8-4)5(2)9-7/h4-7H,3H2,1-2H3",1
852,C6H11O24-6OOH,"InChI=1S/C6H12O3/c1-5-4-6(9-5)2-3-8-7/h5-7H,2-4H2,1H3",1
853,C6H11O25-1OOH,"InChI=1S/C6H12O3/c1-5-2-3-6(9-5)4-8-7/h5-7H,2-4H2,1H3",1
854,C6H11O25-3OOH,"InChI=1S/C6H12O3/c1-4-3-6(9-7)5(2)8-4/h4-7H,3H2,1-2H3",1
855,C6H11O34-1OOH,"InChI=1S/C6H12O3/c1-2-5-6(9-5)3-4-8-7/h5-7H,2-4H2,1H3",1
856,C6H11O34-2OOH,"InChI=1S/C6H12O3/c1-3-5-6(8-5)4(2)9-7/h4-7H,3H2,1-2H3",1
857,C4H7O12-4,"InChI=1S/C4H7O/c1-2-4-3-5-4/h4H,1-3H2",2
858,C4H7O13-4,"InChI=1S/C4H7O/c1-4-2-3-5-4/h4H,1-3H2",2
859,C4H7O23-1,"InChI=1S/C4H7O/c1-3-4(2)5-3/h3-4H,1H2,2H3",2
860,C5H9O12-5,"InChI=1S/C5H9O/c1-2-3-5-4-6-5/h5H,1-4H2",2
861,C5H9O13-5,"InChI=1S/C5H9O/c1-2-5-3-4-6-5/h5H,1-4H2",2
862,C5H9O14-5,"InChI=1S/C5H9O/c1-5-3-2-4-6-5/h5H,1-4H2",2
863,C5H9O23-1,"InChI=1S/C5H9O/c1-3-5-4(2)6-5/h4-5H,2-3H2,1H3",2
864,C5H9O23-5,"InChI=1S/C5H9O/c1-3-5-4(2)6-5/h4-5H,1,3H2,2H3",2
865,C5H9O24-1,"InChI=1S/C5H9O/c1-4-3-5(2)6-4/h4-5H,1,3H2,2H3",2
866,AC3H5CHO,"InChI=1S/C4H6O/c1-2-3-4-5/h2,4H,1,3H2",1
867,PC4H9CO,"InChI=1S/C5H9O/c1-2-3-4-5-6/h2-4H2,1H3",2
868,C6KET12O,"InChI=1S/C6H11O2/c1-2-3-4-6(8)5-7/h5-6H,2-4H2,1H3",2
869,C6KET13O,"InChI=1S/C6H11O2/c1-2-3-6(8)4-5-7/h5-6H,2-4H2,1H3",2
870,C6KET14O,"InChI=1S/C6H11O2/c1-2-6(8)4-3-5-7/h5-6H,2-4H2,1H3",2
871,C6KET15O,"InChI=1S/C6H11O2/c1-6(8)4-2-3-5-7/h5-6H,2-4H2,1H3",2
872,C6KET21O,"InChI=1S/C6H11O2/c1-2-3-4-6(8)5-7/h2-5H2,1H3",2
873,C6KET23O,"InChI=1S/C6H11O2/c1-3-4-6(8)5(2)7/h6H,3-4H2,1-2H3",2
874,C6KET24O,"InChI=1S/C6H11O2/c1-3-6(8)4-5(2)7/h6H,3-4H2,1-2H3",2
875,C6KET25O,"InChI=1S/C6H11O2/c1-5(7)3-4-6(2)8/h5H,3-4H2,1-2H3",2
876,C6KET26O,"InChI=1S/C6H11O2/c1-6(8)4-2-3-5-7/h2-5H2,1H3",2
877,C6KET31O,"InChI=1S/C6H11O2/c1-2-3-6(8)4-5-7/h2-5H2,1H3",2
878,C6KET32O,"InChI=1S/C6H11O2/c1-3-4-6(8)5(2)7/h5H,3-4H2,1-2H3",2
879,C6KET34O,"InChI=1S/C6H11O2/c1-3-5(7)6(8)4-2/h5H,3-4H2,1-2H3",2
880,C6KET35O,"InChI=1S/C6H11O2/c1-3-6(8)4-5(2)7/h5H,3-4H2,1-2H3",2
881,C6KET36O,"InChI=1S/C6H11O2/c1-2-6(8)4-3-5-7/h2-5H2,1H3",2
882,C6H12OOH1-2O,"InChI=1S/C6H13O3/c1-2-3-4-6(7)5-9-8/h6,8H,2-5H2,1H3",2
883,C6H12OOH1-3O,"InChI=1S/C6H13O3/c1-2-3-6(7)4-5-9-8/h6,8H,2-5H2,1H3",2
884,C6H12OOH1-4O,"InChI=1S/C6H13O3/c1-2-6(7)4-3-5-9-8/h6,8H,2-5H2,1H3",2
885,C6H12OOH1-5O,"InChI=1S/C6H13O3/c1-6(7)4-2-3-5-9-8/h6,8H,2-5H2,1H3",2
886,C6H12OOH2-1O,"InChI=1S/C6H13O3/c1-2-3-4-6(5-7)9-8/h6,8H,2-5H2,1H3",2
887,C6H12OOH2-3O,"InChI=1S/C6H13O3/c1-3-4-6(7)5(2)9-8/h5-6,8H,3-4H2,1-2H3",2
888,C6H12OOH2-4O,"InChI=1S/C6H13O3/c1-3-6(7)4-5(2)9-8/h5-6,8H,3-4H2,1-2H3",2
889,C6H12OOH2-5O,"InChI=1S/C6H13O3/c1-5(7)3-4-6(2)9-8/h5-6,8H,3-4H2,1-2H3",2
890,C6H12OOH2-6O,"InChI=1S/C6H13O3/c1-6(9-8)4-2-3-5-7/h6,8H,2-5H2,1H3",2
891,C6H12OOH3-1O,"InChI=1S/C6H13O3/c1-2-3-6(9-8)4-5-7/h6,8H,2-5H2,1H3",2
892,C6H12OOH3-2O,"InChI=1S/C6H13O3/c1-3-4-6(9-8)5(2)7/h5-6,8H,3-4H2,1-2H3",2
893,C6H12OOH3-4O,"InChI=1S/C6H13O3/c1-3-5(7)6(4-2)9-8/h5-6,8H,3-4H2,1-2H3",2
894,C6H12OOH3-5O,"InChI=1S/C6H13O3/c1-3-6(9-8)4-5(2)7/h5-6,8H,3-4H2,1-2H3",2
895,C6H12OOH3-6O,"InChI=1S/C6H13O3/c1-2-6(9-8)4-3-5-7/h6,8H,2-5H2,1H3",2
896,NC5H11CHO,"InChI=1S/C6H12O/c1-2-3-4-5-6-7/h6H,2-5H2,1H3",1
897,C6Y2,"InChI=1S/C6H12O/c1-3-4-5-6(2)7/h3-5H2,1-2H3",1
898,CH3COOH,"InChI=1S/C2H4O2/c1-2(3)4/h1H3,(H,3,4)",1
899,C2H5COOH,"InChI=1S/C3H6O2/c1-2-3(4)5/h2H2,1H3,(H,4,5)",1
900,C6H12-1,"InChI=1S/C6H12/c1-3-5-6-4-2/h3H,1,4-6H2,2H3",1
901,C6H12-2,"InChI=1S/C6H12/c1-3-5-6-4-2/h3,5H,4,6H2,1-2H3",1
902,C6H12-3,"InChI=1S/C6H12/c1-3-5-6-4-2/h5-6H,3-4H2,1-2H3",1
903,C6H111-3,"InChI=1S/C6H11/c1-3-5-6-4-2/h3,5H,1,4,6H2,2H3",2
904,C6H111-4,"InChI=1S/C6H11/c1-3-5-6-4-2/h3,6H,1,4-5H2,2H3",2
905,C6H111-5,"InChI=1S/C6H11/c1-3-5-6-4-2/h3-4H,1,5-6H2,2H3",2
906,C6H111-6,"InChI=1S/C6H11/c1-3-5-6-4-2/h3H,1-2,4-6H2",2
907,C6H112-4,"InChI=1S/C6H11/c1-3-5-6-4-2/h3,5-6H,4H2,1-2H3",2
908,C6H112-5,"InChI=1S/C6H11/c1-3-5-6-4-2/h3-5H,6H2,1-2H3",2
909,C6H112-6,"InChI=1S/C6H11/c1-3-5-6-4-2/h4,6H,1,3,5H2,2H3",2
910,C6H113-1,"InChI=1S/C6H11/c1-3-5-6-4-2/h5-6H,1,3-4H2,2H3",2
911,C6H12OH-1J2,"InChI=1S/C6H13O/c1-2-3-4-5-6-7/h5,7H,2-4,6H2,1H3",2
912,C6H12OH-2J1,"InChI=1S/C6H13O/c1-3-4-5-6(2)7/h6-7H,2-5H2,1H3",2
913,C6H12OH-2J3,"InChI=1S/C6H13O/c1-3-4-5-6(2)7/h5-7H,3-4H2,1-2H3",2
914,C6H12OH-3J2,"InChI=1S/C6H13O/c1-3-5-6(7)4-2/h4,6-7H,3,5H2,1-2H3",2
915,C6H12OH-3J4,"InChI=1S/C6H13O/c1-3-5-6(7)4-2/h5-7H,3-4H2,1-2H3",2
916,C6H12OH-1O2-2,"InChI=1S/C6H13O3/c1-2-3-4-6(5-7)9-8/h6-7H,2-5H2,1H3",2
917,C6H12OH-2O2-1,"InChI=1S/C6H13O3/c1-2-3-4-6(7)5-9-8/h6-7H,2-5H2,1H3",2
918,C6H12OH-2O2-3,"InChI=1S/C6H13O3/c1-3-4-6(9-8)5(2)7/h5-7H,3-4H2,1-2H3",2
919,C6H12OH-3O2-2,"InChI=1S/C6H13O3/c1-3-4-6(7)5(2)9-8/h5-7H,3-4H2,1-2H3",2
920,C6H12OH-3O2-4,"InChI=1S/C6H13O3/c1-3-5(7)6(4-2)9-8/h5-7H,3-4H2,1-2H3",2
921,PC4H9CHO,"InChI=1S/C5H10O/c1-2-3-4-5-6/h5H,2-4H2,1H3",1
922,PC4H8CHO-1,"InChI=1S/C5H9O/c1-2-3-4-5-6/h4-5H,2-3H2,1H3",2
923,PC4H8CHO-2,"InChI=1S/C5H9O/c1-2-3-4-5-6/h3,5H,2,4H2,1H3",2
924,PC4H8CHO-3,"InChI=1S/C5H9O/c1-2-3-4-5-6/h2,5H,3-4H2,1H3",2
925,PC4H8CHO-4,"InChI=1S/C5H9O/c1-2-3-4-5-6/h5H,1-4H2",2
926,C6H11-1D3O,"InChI=1S/C6H11O/c1-3-5-6(7)4-2/h4,6H,2-3,5H2,1H3",2
927,C6H11-1D4O,"InChI=1S/C6H11O/c1-3-5-6(7)4-2/h3,6H,1,4-5H2,2H3",2
928,C6H11-1D5O,"InChI=1S/C6H11O/c1-3-4-5-6(2)7/h3,6H,1,4-5H2,2H3",2
929,C6H11-1D6O,"InChI=1S/C6H11O/c1-2-3-4-5-6-7/h2H,1,3-6H2",2
930,C6H11-2D1O,"InChI=1S/C6H11O/c1-2-3-4-5-6-7/h4-5H,2-3,6H2,1H3",2
931,C6H11-2D4O,"InChI=1S/C6H11O/c1-3-5-6(7)4-2/h3,5-6H,4H2,1-2H3",2
932,C6H11-2D5O,"InChI=1S/C6H11O/c1-3-4-5-6(2)7/h3-4,6H,5H2,1-2H3",2
933,C6H11-2D6O,"InChI=1S/C6H11O/c1-2-3-4-5-6-7/h2-3H,4-6H2,1H3",2
934,C6H11-3D1O,"InChI=1S/C6H11O/c1-2-3-4-5-6-7/h3-4H,2,5-6H2,1H3",2
935,C6H11-3D2O,"InChI=1S/C6H11O/c1-3-4-5-6(2)7/h4-6H,3H2,1-2H3",2
936,NC5H11CO,"InChI=1S/C6H11O/c1-2-3-4-5-6-7/h2-5H2,1H3",2
937,NC5H10CHO-1,"InChI=1S/C6H11O/c1-2-3-4-5-6-7/h5-6H,2-4H2,1H3",2
938,NC5H10CHO-2,"InChI=1S/C6H11O/c1-2-3-4-5-6-7/h4,6H,2-3,5H2,1H3",2
939,NC5H10CHO-3,"InChI=1S/C6H11O/c1-2-3-4-5-6-7/h3,6H,2,4-5H2,1H3",2
940,NC5H10CHO-4,"InChI=1S/C6H11O/c1-2-3-4-5-6-7/h2,6H,3-5H2,1H3",2
941,NC5H10CHO-5,"InChI=1S/C6H11O/c1-2-3-4-5-6-7/h6H,1-5H2",2
942,C6H10D13,"InChI=1S/C6H10/c1-3-5-6-4-2/h3,5-6H,1,4H2,2H3",1
943,C6H10D24,"InChI=1S/C6H10/c1-3-5-6-4-2/h3-6H,1-2H3",1
944,C6H101-5,"InChI=1S/C6H10/c1-3-5-6-4-2/h3-4H,1-2,5-6H2",1
945,C6H9-A,"InChI=1S/C6H9/c1-3-5-6-4-2/h3-5H,1-2,6H2",2
946,NC7H16,"InChI=1S/C7H16/c1-3-5-7-6-4-2/h3-7H2,1-2H3",1
947,C7H15-1,"InChI=1S/C7H15/c1-3-5-7-6-4-2/h1,3-7H2,2H3",2
948,C7H15-2,"InChI=1S/C7H15/c1-3-5-7-6-4-2/h3H,4-7H2,1-2H3",2
949,C7H15-3,"InChI=1S/C7H15/c1-3-5-7-6-4-2/h5H,3-4,6-7H2,1-2H3",2
950,C7H15-4,"InChI=1S/C7H15/c1-3-5-7-6-4-2/h7H,3-6H2,1-2H3",2
951,C7H15OOH-1,"InChI=1S/C7H16O2/c1-2-3-4-5-6-7-9-8/h8H,2-7H2,1H3",1
952,C7H15OOH-2,"InChI=1S/C7H16O2/c1-3-4-5-6-7(2)9-8/h7-8H,3-6H2,1-2H3",1
953,C7H15OOH-3,"InChI=1S/C7H16O2/c1-3-5-6-7(4-2)9-8/h7-8H,3-6H2,1-2H3",1
954,C7H15OOH-4,"InChI=1S/C7H16O2/c1-3-5-7(9-8)6-4-2/h7-8H,3-6H2,1-2H3",1
955,C7H15-1O2,"InChI=1S/C7H15O2/c1-2-3-4-5-6-7-9-8/h2-7H2,1H3",2
956,C7H15-2O2,"InChI=1S/C7H15O2/c1-3-4-5-6-7(2)9-8/h7H,3-6H2,1-2H3",2
957,C7H15-3O2,"InChI=1S/C7H15O2/c1-3-5-6-7(4-2)9-8/h7H,3-6H2,1-2H3",2
958,C7H15-4O2,"InChI=1S/C7H15O2/c1-3-5-7(9-8)6-4-2/h7H,3-6H2,1-2H3",2
959,C7H15-1O,"InChI=1S/C7H15O/c1-2-3-4-5-6-7-8/h2-7H2,1H3",2
960,C7H15-2O,"InChI=1S/C7H15O/c1-3-4-5-6-7(2)8/h7H,3-6H2,1-2H3",2
961,C7H15-3O,"InChI=1S/C7H15O/c1-3-5-6-7(8)4-2/h7H,3-6H2,1-2H3",2
962,C7H15-4O,"InChI=1S/C7H15O/c1-3-5-7(8)6-4-2/h7H,3-6H2,1-2H3",2
963,C7H14OOH1-2,"InChI=1S/C7H15O2/c1-2-3-4-5-6-7-9-8/h6,8H,2-5,7H2,1H3",2
964,C7H14OOH1-3,"InChI=1S/C7H15O2/c1-2-3-4-5-6-7-9-8/h5,8H,2-4,6-7H2,1H3",2
965,C7H14OOH1-4,"InChI=1S/C7H15O2/c1-2-3-4-5-6-7-9-8/h4,8H,2-3,5-7H2,1H3",2
966,C7H14OOH1-5,"InChI=1S/C7H15O2/c1-2-3-4-5-6-7-9-8/h3,8H,2,4-7H2,1H3",2
967,C7H14OOH2-1,"InChI=1S/C7H15O2/c1-3-4-5-6-7(2)9-8/h7-8H,2-6H2,1H3",2
968,C7H14OOH2-3,"InChI=1S/C7H15O2/c1-3-4-5-6-7(2)9-8/h6-8H,3-5H2,1-2H3",2
969,C7H14OOH2-4,"InChI=1S/C7H15O2/c1-3-4-5-6-7(2)9-8/h5,7-8H,3-4,6H2,1-2H3",2
970,C7H14OOH2-5,"InChI=1S/C7H15O2/c1-3-4-5-6-7(2)9-8/h4,7-8H,3,5-6H2,1-2H3",2
971,C7H14OOH2-6,"InChI=1S/C7H15O2/c1-3-4-5-6-7(2)9-8/h3,7-8H,4-6H2,1-2H3",2
972,C7H14OOH3-1,"InChI=1S/C7H15O2/c1-3-5-6-7(4-2)9-8/h7-8H,2-6H2,1H3",2
973,C7H14OOH3-2,"InChI=1S/C7H15O2/c1-3-5-6-7(4-2)9-8/h4,7-8H,3,5-6H2,1-2H3",2
974,C7H14OOH3-4,"InChI=1S/C7H15O2/c1-3-5-6-7(4-2)9-8/h6-8H,3-5H2,1-2H3",2
975,C7H14OOH3-5,"InChI=1S/C7H15O2/c1-3-5-6-7(4-2)9-8/h5,7-8H,3-4,6H2,1-2H3",2
976,C7H14OOH3-6,"InChI=1S/C7H15O2/c1-3-5-6-7(4-2)9-8/h3,7-8H,4-6H2,1-2H3",2
977,C7H14OOH3-7,"InChI=1S/C7H15O2/c1-3-5-6-7(4-2)9-8/h7-8H,1,3-6H2,2H3",2
978,C7H14OOH4-1,"InChI=1S/C7H15O2/c1-3-5-7(9-8)6-4-2/h7-8H,1,3-6H2,2H3",2
979,C7H14OOH4-2,"InChI=1S/C7H15O2/c1-3-5-7(9-8)6-4-2/h3,7-8H,4-6H2,1-2H3",2
980,C7H14OOH4-3,"InChI=1S/C7H15O2/c1-3-5-7(9-8)6-4-2/h5,7-8H,3-4,6H2,1-2H3",2
981,C7H14O1-2,"InChI=1S/C7H14O/c1-2-3-4-5-7-6-8-7/h7H,2-6H2,1H3",1
982,C7H14O1-3,"InChI=1S/C7H14O/c1-2-3-4-7-5-6-8-7/h7H,2-6H2,1H3",1
983,C7H14O1-4,"InChI=1S/C7H14O/c1-2-4-7-5-3-6-8-7/h7H,2-6H2,1H3",1
984,C7H14O1-5,"InChI=1S/C7H14O/c1-2-7-5-3-4-6-8-7/h7H,2-6H2,1H3",1
985,C7H14O2-3,"InChI=1S/C7H14O/c1-3-4-5-7-6(2)8-7/h6-7H,3-5H2,1-2H3",1
986,C7H14O2-4,"InChI=1S/C7H14O/c1-3-4-7-5-6(2)8-7/h6-7H,3-5H2,1-2H3",1
987,C7H14O2-5,"InChI=1S/C7H14O/c1-3-7-5-4-6(2)8-7/h6-7H,3-5H2,1-2H3",1
988,C7H14O2-6,"InChI=1S/C7H14O/c1-6-4-3-5-7(2)8-6/h6-7H,3-5H2,1-2H3",1
989,C7H14O3-4,"InChI=1S/C7H14O/c1-3-5-7-6(4-2)8-7/h6-7H,3-5H2,1-2H3",1
990,C7H14O3-5,"InChI=1S/C7H14O/c1-3-6-5-7(4-2)8-6/h6-7H,3-5H2,1-2H3",1
991,C7H14OOH1-2O2,"InChI=1S/C7H15O4/c1-2-3-4-5-7(11-9)6-10-8/h7-8H,2-6H2,1H3",2
992,C7H14OOH1-3O2,"InChI=1S/C7H15O4/c1-2-3-4-7(11-9)5-6-10-8/h7-8H,2-6H2,1H3",2
993,C7H14OOH1-4O2,"InChI=1S/C7H15O4/c1-2-4-7(11-9)5-3-6-10-8/h7-8H,2-6H2,1H3",2
994,C7H14OOH1-5O2,"InChI=1S/C7H15O4/c1-2-7(11-9)5-3-4-6-10-8/h7-8H,2-6H2,1H3",2
995,C7H14OOH2-1O2,"InChI=1S/C7H15O4/c1-2-3-4-5-7(11-9)6-10-8/h7,9H,2-6H2,1H3",2
996,C7H14OOH2-3O2,"InChI=1S/C7H15O4/c1-3-4-5-7(11-9)6(2)10-8/h6-8H,3-5H2,1-2H3",2
997,C7H14OOH2-4O2,"InChI=1S/C7H15O4/c1-3-4-7(11-9)5-6(2)10-8/h6-8H,3-5H2,1-2H3",2
998,C7H14OOH2-5O2,"InChI=1S/C7H15O4/c1-3-7(11-9)5-4-6(2)10-8/h6-8H,3-5H2,1-2H3",2
999,C7H14OOH2-6O2,"InChI=1S/C7H15O4/c1-6(10-8)4-3-5-7(2)11-9/h6-8H,3-5H2,1-2H3",2
1000,C7H14OOH3-1O2,"InChI=1S/C7H15O4/c1-2-3-4-7(11-9)5-6-10-8/h7,9H,2-6H2,1H3",2
1001,C7H14OOH3-2O2,"InChI=1S/C7H15O4/c1-3-4-5-7(11-9)6(2)10-8/h6-7,9H,3-5H2,1-2H3",2
1002,C7H14OOH3-4O2,"InChI=1S/C7H15O4/c1-3-5-7(11-9)6(4-2)10-8/h6-8H,3-5H2,1-2H3",2
1003,C7H14OOH3-5O2,"InChI=1S/C7H15O4/c1-3-6(10-8)5-7(4-2)11-9/h6-8H,3-5H2,1-2H3",2
1004,C7H14OOH3-6O2,"InChI=1S/C7H15O4/c1-3-7(11-9)5-4-6(2)10-8/h6-7,9H,3-5H2,1-2H3",2
1005,C7H14OOH3-7O2,"InChI=1S/C7H15O4/c1-2-7(11-9)5-3-4-6-10-8/h7,9H,2-6H2,1H3",2
1006,C7H14OOH4-1O2,"InChI=1S/C7H15O4/c1-2-4-7(11-9)5-3-6-10-8/h7,9H,2-6H2,1H3",2
1007,C7H14OOH4-2O2,"InChI=1S/C7H15O4/c1-3-4-7(11-9)5-6(2)10-8/h6-7,9H,3-5H2,1-2H3",2
1008,C7H14OOH4-3O2,"InChI=1S/C7H15O4/c1-3-5-7(11-9)6(4-2)10-8/h6-7,9H,3-5H2,1-2H3",2
1009,C7H13Q12-3,"InChI=1S/C7H15O4/c1-2-3-4-5-7(11-9)6-10-8/h5,7-9H,2-4,6H2,1H3",2
1010,C7H13Q12-4,"InChI=1S/C7H15O4/c1-2-3-4-5-7(11-9)6-10-8/h4,7-9H,2-3,5-6H2,1H3",2
1011,C7H13Q12-5,"InChI=1S/C7H15O4/c1-2-3-4-5-7(11-9)6-10-8/h3,7-9H,2,4-6H2,1H3",2
1012,C7H13Q12-6,"InChI=1S/C7H15O4/c1-2-3-4-5-7(11-9)6-10-8/h2,7-9H,3-6H2,1H3",2
1013,C7H13Q13-2,"InChI=1S/C7H15O4/c1-2-3-4-7(11-9)5-6-10-8/h5,7-9H,2-4,6H2,1H3",2
1014,C7H13Q13-4,"InChI=1S/C7H15O4/c1-2-3-4-7(11-9)5-6-10-8/h4,7-9H,2-3,5-6H2,1H3",2
1015,C7H13Q13-5,"InChI=1S/C7H15O4/c1-2-3-4-7(11-9)5-6-10-8/h3,7-9H,2,4-6H2,1H3",2
1016,C7H13Q13-6,"InChI=1S/C7H15O4/c1-2-3-4-7(11-9)5-6-10-8/h2,7-9H,3-6H2,1H3",2
1017,C7H13Q13-7,"InChI=1S/C7H15O4/c1-2-3-4-7(11-9)5-6-10-8/h7-9H,1-6H2",2
1018,C7H13Q14-2,"InChI=1S/C7H15O4/c1-2-4-7(11-9)5-3-6-10-8/h3,7-9H,2,4-6H2,1H3",2
1019,C7H13Q14-3,"InChI=1S/C7H15O4/c1-2-4-7(11-9)5-3-6-10-8/h5,7-9H,2-4,6H2,1H3",2
1020,C7H13Q14-5,"InChI=1S/C7H15O4/c1-2-4-7(11-9)5-3-6-10-8/h4,7-9H,2-3,5-6H2,1H3",2
1021,C7H13Q14-6,"InChI=1S/C7H15O4/c1-2-4-7(11-9)5-3-6-10-8/h2,7-9H,3-6H2,1H3",2
1022,C7H13Q14-7,"InChI=1S/C7H15O4/c1-2-4-7(11-9)5-3-6-10-8/h7-9H,1-6H2",2
1023,C7H13Q15-2,"InChI=1S/C7H15O4/c1-2-7(11-9)5-3-4-6-10-8/h4,7-9H,2-3,5-6H2,1H3",2
1024,C7H13Q15-3,"InChI=1S/C7H15O4/c1-2-7(11-9)5-3-4-6-10-8/h3,7-9H,2,4-6H2,1H3",2
1025,C7H13Q15-4,"InChI=1S/C7H15O4/c1-2-7(11-9)5-3-4-6-10-8/h5,7-9H,2-4,6H2,1H3",2
1026,C7H13Q15-6,"InChI=1S/C7H15O4/c1-2-7(11-9)5-3-4-6-10-8/h2,7-9H,3-6H2,1H3",2
1027,C7H13Q15-7,"InChI=1S/C7H15O4/c1-2-7(11-9)5-3-4-6-10-8/h7-9H,1-6H2",2
1028,C7H13Q23-1,"InChI=1S/C7H15O4/c1-3-4-5-7(11-9)6(2)10-8/h6-9H,2-5H2,1H3",2
1029,C7H13Q23-4,"InChI=1S/C7H15O4/c1-3-4-5-7(11-9)6(2)10-8/h5-9H,3-4H2,1-2H3",2
1030,C7H13Q23-5,"InChI=1S/C7H15O4/c1-3-4-5-7(11-9)6(2)10-8/h4,6-9H,3,5H2,1-2H3",2
1031,C7H13Q23-6,"InChI=1S/C7H15O4/c1-3-4-5-7(11-9)6(2)10-8/h3,6-9H,4-5H2,1-2H3",2
1032,C7H13Q23-7,"InChI=1S/C7H15O4/c1-3-4-5-7(11-9)6(2)10-8/h6-9H,1,3-5H2,2H3",2
1033,C7H13Q24-1,"InChI=1S/C7H15O4/c1-3-4-7(11-9)5-6(2)10-8/h6-9H,2-5H2,1H3",2
1034,C7H13Q24-3,"InChI=1S/C7H15O4/c1-3-4-7(11-9)5-6(2)10-8/h5-9H,3-4H2,1-2H3",2
1035,C7H13Q24-5,"InChI=1S/C7H15O4/c1-3-4-7(11-9)5-6(2)10-8/h4,6-9H,3,5H2,1-2H3",2
1036,C7H13Q24-6,"InChI=1S/C7H15O4/c1-3-4-7(11-9)5-6(2)10-8/h3,6-9H,4-5H2,1-2H3",2
1037,C7H13Q24-7,"InChI=1S/C7H15O4/c1-3-4-7(11-9)5-6(2)10-8/h6-9H,1,3-5H2,2H3",2
1038,C7H13Q25-1,"InChI=1S/C7H15O4/c1-3-7(11-9)5-4-6(2)10-8/h6-9H,2-5H2,1H3",2
1039,C7H13Q25-3,"InChI=1S/C7H15O4/c1-3-7(11-9)5-4-6(2)10-8/h4,6-9H,3,5H2,1-2H3",2
1040,C7H13Q25-4,"InChI=1S/C7H15O4/c1-3-7(11-9)5-4-6(2)10-8/h5-9H,3-4H2,1-2H3",2
1041,C7H13Q25-6,"InChI=1S/C7H15O4/c1-3-7(11-9)5-4-6(2)10-8/h3,6-9H,4-5H2,1-2H3",2
1042,C7H13Q25-7,"InChI=1S/C7H15O4/c1-3-7(11-9)5-4-6(2)10-8/h6-9H,1,3-5H2,2H3",2
1043,C7H13Q26-1,"InChI=1S/C7H15O4/c1-6(10-8)4-3-5-7(2)11-9/h6-9H,1,3-5H2,2H3",2
1044,C7H13Q26-3,"InChI=1S/C7H15O4/c1-6(10-8)4-3-5-7(2)11-9/h4,6-9H,3,5H2,1-2H3",2
1045,C7H13Q26-4,"InChI=1S/C7H15O4/c1-6(10-8)4-3-5-7(2)11-9/h3,6-9H,4-5H2,1-2H3",2
1046,C7H13Q34-1,"InChI=1S/C7H15O4/c1-3-5-7(11-9)6(4-2)10-8/h6-9H,2-5H2,1H3",2
1047,C7H13Q34-2,"InChI=1S/C7H15O4/c1-3-5-7(11-9)6(4-2)10-8/h4,6-9H,3,5H2,1-2H3",2
1048,C7H13Q34-5,"InChI=1S/C7H15O4/c1-3-5-7(11-9)6(4-2)10-8/h5-9H,3-4H2,1-2H3",2
1049,C7H13Q34-6,"InChI=1S/C7H15O4/c1-3-5-7(11-9)6(4-2)10-8/h3,6-9H,4-5H2,1-2H3",2
1050,C7H13Q34-7,"InChI=1S/C7H15O4/c1-3-5-7(11-9)6(4-2)10-8/h6-9H,1,3-5H2,2H3",2
1051,C7H13Q35-1,"InChI=1S/C7H15O4/c1-3-6(10-8)5-7(4-2)11-9/h6-9H,1,3-5H2,2H3",2
1052,C7H13Q35-2,"InChI=1S/C7H15O4/c1-3-6(10-8)5-7(4-2)11-9/h3,6-9H,4-5H2,1-2H3",2
1053,C7H13Q35-4,"InChI=1S/C7H15O4/c1-3-6(10-8)5-7(4-2)11-9/h5-9H,3-4H2,1-2H3",2
1054,C7KET12,"InChI=1S/C7H14O3/c1-2-3-4-5-7(6-8)10-9/h6-7,9H,2-5H2,1H3",1
1055,C7KET13,"InChI=1S/C7H14O3/c1-2-3-4-7(10-9)5-6-8/h6-7,9H,2-5H2,1H3",1
1056,C7KET14,"InChI=1S/C7H14O3/c1-2-4-7(10-9)5-3-6-8/h6-7,9H,2-5H2,1H3",1
1057,C7KET15,"InChI=1S/C7H14O3/c1-2-7(10-9)5-3-4-6-8/h6-7,9H,2-5H2,1H3",1
1058,C7KET21,"InChI=1S/C7H14O3/c1-2-3-4-5-7(8)6-10-9/h9H,2-6H2,1H3",1
1059,C7KET23,"InChI=1S/C7H14O3/c1-3-4-5-7(10-9)6(2)8/h7,9H,3-5H2,1-2H3",1
1060,C7KET24,"InChI=1S/C7H14O3/c1-3-4-7(10-9)5-6(2)8/h7,9H,3-5H2,1-2H3",1
1061,C7KET25,"InChI=1S/C7H14O3/c1-3-7(10-9)5-4-6(2)8/h7,9H,3-5H2,1-2H3",1
1062,C7KET26,"InChI=1S/C7H14O3/c1-6(8)4-3-5-7(2)10-9/h7,9H,3-5H2,1-2H3",1
1063,C7KET31,"InChI=1S/C7H14O3/c1-2-3-4-7(8)5-6-10-9/h9H,2-6H2,1H3",1
1064,C7KET32,"InChI=1S/C7H14O3/c1-3-4-5-7(8)6(2)10-9/h6,9H,3-5H2,1-2H3",1
1065,C7KET34,"InChI=1S/C7H14O3/c1-3-5-7(10-9)6(8)4-2/h7,9H,3-5H2,1-2H3",1
1066,C7KET35,"InChI=1S/C7H14O3/c1-3-6(8)5-7(4-2)10-9/h7,9H,3-5H2,1-2H3",1
1067,C7KET36,"InChI=1S/C7H14O3/c1-3-7(8)5-4-6(2)10-9/h6,9H,3-5H2,1-2H3",1
1068,C7KET37,"InChI=1S/C7H14O3/c1-2-7(8)5-3-4-6-10-9/h9H,2-6H2,1H3",1
1069,C7KET41,"InChI=1S/C7H14O3/c1-2-4-7(8)5-3-6-10-9/h9H,2-6H2,1H3",1
1070,C7KET42,"InChI=1S/C7H14O3/c1-3-4-7(8)5-6(2)10-9/h6,9H,3-5H2,1-2H3",1
1071,C7KET43,"InChI=1S/C7H14O3/c1-3-5-6(8)7(4-2)10-9/h7,9H,3-5H2,1-2H3",1
1072,C7H13-1D3OOH,"InChI=1S/C7H14O2/c1-3-5-6-7(4-2)9-8/h4,7-8H,2-3,5-6H2,1H3",1
1073,C7H13-1D4OOH,"InChI=1S/C7H14O2/c1-3-5-7(9-8)6-4-2/h3,7-8H,1,4-6H2,2H3",1
1074,C7H13-1D5OOH,"InChI=1S/C7H14O2/c1-3-5-6-7(4-2)9-8/h3,7-8H,1,4-6H2,2H3",1
1075,C7H13-1D6OOH,"InChI=1S/C7H14O2/c1-3-4-5-6-7(2)9-8/h3,7-8H,1,4-6H2,2H3",1
1076,C7H13-2D1OOH,"InChI=1S/C7H14O2/c1-2-3-4-5-6-7-9-8/h5-6,8H,2-4,7H2,1H3",1
1077,C7H13-2D4OOH,"InChI=1S/C7H14O2/c1-3-5-7(9-8)6-4-2/h3,5,7-8H,4,6H2,1-2H3",1
1078,C7H13-2D5OOH,"InChI=1S/C7H14O2/c1-3-5-6-7(4-2)9-8/h3,5,7-8H,4,6H2,1-2H3",1
1079,C7H13-2D6OOH,"InChI=1S/C7H14O2/c1-3-4-5-6-7(2)9-8/h3-4,7-8H,5-6H2,1-2H3",1
1080,C7H13-2D7OOH,"InChI=1S/C7H14O2/c1-2-3-4-5-6-7-9-8/h2-3,8H,4-7H2,1H3",1
1081,C7H13-3D1OOH,"InChI=1S/C7H14O2/c1-2-3-4-5-6-7-9-8/h4-5,8H,2-3,6-7H2,1H3",1
1082,C7H13-3D2OOH,"InChI=1S/C7H14O2/c1-3-4-5-6-7(2)9-8/h5-8H,3-4H2,1-2H3",1
1083,C7H13-3D5OOH,"InChI=1S/C7H14O2/c1-3-5-6-7(4-2)9-8/h5-8H,3-4H2,1-2H3",1
1084,C7H13-3D6OOH,"InChI=1S/C7H14O2/c1-3-4-5-6-7(2)9-8/h4-5,7-8H,3,6H2,1-2H3",1
1085,C7H13-3D7OOH,"InChI=1S/C7H14O2/c1-2-3-4-5-6-7-9-8/h3-4,8H,2,5-7H2,1H3",1
1086,C7H13O12-3OOH,"InChI=1S/C7H14O3/c1-2-3-4-6(10-8)7-5-9-7/h6-8H,2-5H2,1H3",1
1087,C7H13O12-4OOH,"InChI=1S/C7H14O3/c1-2-3-6(10-8)4-7-5-9-7/h6-8H,2-5H2,1H3",1
1088,C7H13O12-5OOH,"InChI=1S/C7H14O3/c1-2-6(10-8)3-4-7-5-9-7/h6-8H,2-5H2,1H3",1
1089,C7H13O12-6OOH,"InChI=1S/C7H14O3/c1-6(10-8)3-2-4-7-5-9-7/h6-8H,2-5H2,1H3",1
1090,C7H13O13-2OOH,"InChI=1S/C7H14O3/c1-2-3-4-6-7(10-8)5-9-6/h6-8H,2-5H2,1H3",1
1091,C7H13O13-4OOH,"InChI=1S/C7H14O3/c1-2-3-7(10-8)6-4-5-9-6/h6-8H,2-5H2,1H3",1
1092,C7H13O13-5OOH,"InChI=1S/C7H14O3/c1-2-6(10-8)5-7-3-4-9-7/h6-8H,2-5H2,1H3",1
1093,C7H13O13-6OOH,"InChI=1S/C7H14O3/c1-6(10-8)2-3-7-4-5-9-7/h6-8H,2-5H2,1H3",1
1094,C7H13O13-7OOH,"InChI=1S/C7H14O3/c8-10-5-2-1-3-7-4-6-9-7/h7-8H,1-6H2",1
1095,C7H13O14-2OOH,"InChI=1S/C7H14O3/c1-2-3-6-4-7(10-8)5-9-6/h6-8H,2-5H2,1H3",1
1096,C7H13O14-3OOH,"InChI=1S/C7H14O3/c1-2-3-6-7(10-8)4-5-9-6/h6-8H,2-5H2,1H3",1
1097,C7H13O14-5OOH,"InChI=1S/C7H14O3/c1-2-6(10-8)7-4-3-5-9-7/h6-8H,2-5H2,1H3",1
1098,C7H13O14-6OOH,"InChI=1S/C7H14O3/c1-6(10-8)5-7-3-2-4-9-7/h6-8H,2-5H2,1H3",1
1099,C7H13O14-7OOH,"InChI=1S/C7H14O3/c8-10-6-2-4-7-3-1-5-9-7/h7-8H,1-6H2",1
1100,C7H13O15-2OOH,"InChI=1S/C7H14O3/c1-2-6-3-4-7(10-8)5-9-6/h6-8H,2-5H2,1H3",1
1101,C7H13O15-3OOH,"InChI=1S/C7H14O3/c1-2-6-5-7(10-8)3-4-9-6/h6-8H,2-5H2,1H3",1
1102,C7H13O15-4OOH,"InChI=1S/C7H14O3/c1-2-6-7(10-8)4-3-5-9-6/h6-8H,2-5H2,1H3",1
1103,C7H13O15-6OOH,"InChI=1S/C7H14O3/c1-6(10-8)7-4-2-3-5-9-7/h6-8H,2-5H2,1H3",1
1104,C7H13O15-7OOH,"InChI=1S/C7H14O3/c8-10-6-4-7-3-1-2-5-9-7/h7-8H,1-6H2",1
1105,C7H13O23-1OOH,"InChI=1S/C7H14O3/c1-2-3-4-6-7(10-6)5-9-8/h6-8H,2-5H2,1H3",1
1106,C7H13O23-4OOH,"InChI=1S/C7H14O3/c1-3-4-6(10-8)7-5(2)9-7/h5-8H,3-4H2,1-2H3",1
1107,C7H13O23-5OOH,"InChI=1S/C7H14O3/c1-3-6(10-8)4-7-5(2)9-7/h5-8H,3-4H2,1-2H3",1
1108,C7H13O23-6OOH,"InChI=1S/C7H14O3/c1-5(10-8)3-4-7-6(2)9-7/h5-8H,3-4H2,1-2H3",1
1109,C7H13O23-7OOH,"InChI=1S/C7H14O3/c1-6-7(10-6)4-2-3-5-9-8/h6-8H,2-5H2,1H3",1
1110,C7H13O24-1OOH,"InChI=1S/C7H14O3/c1-2-3-6-4-7(10-6)5-9-8/h6-8H,2-5H2,1H3",1
1111,C7H13O24-3OOH,"InChI=1S/C7H14O3/c1-3-4-6-7(10-8)5(2)9-6/h5-8H,3-4H2,1-2H3",1
1112,C7H13O24-5OOH,"InChI=1S/C7H14O3/c1-3-6(10-8)7-4-5(2)9-7/h5-8H,3-4H2,1-2H3",1
1113,C7H13O24-6OOH,"InChI=1S/C7H14O3/c1-5-3-7(9-5)4-6(2)10-8/h5-8H,3-4H2,1-2H3",1
1114,C7H13O24-7OOH,"InChI=1S/C7H14O3/c1-6-5-7(10-6)3-2-4-9-8/h6-8H,2-5H2,1H3",1
1115,C7H13O25-1OOH,"InChI=1S/C7H14O3/c1-2-6-3-4-7(10-6)5-9-8/h6-8H,2-5H2,1H3",1
1116,C7H13O25-3OOH,"InChI=1S/C7H14O3/c1-3-6-4-7(10-8)5(2)9-6/h5-8H,3-4H2,1-2H3",1
1117,C7H13O25-4OOH,"InChI=1S/C7H14O3/c1-3-6-7(10-8)4-5(2)9-6/h5-8H,3-4H2,1-2H3",1
1118,C7H13O25-6OOH,"InChI=1S/C7H14O3/c1-5-3-4-7(9-5)6(2)10-8/h5-8H,3-4H2,1-2H3",1
1119,C7H13O25-7OOH,"InChI=1S/C7H14O3/c1-6-2-3-7(10-6)4-5-9-8/h6-8H,2-5H2,1H3",1
1120,C7H13O26-1OOH,"InChI=1S/C7H14O3/c1-6-3-2-4-7(10-6)5-9-8/h6-8H,2-5H2,1H3",1
1121,C7H13O26-3OOH,"InChI=1S/C7H14O3/c1-5-3-4-7(10-8)6(2)9-5/h5-8H,3-4H2,1-2H3",1
1122,C7H13O26-4OOH,"InChI=1S/C7H14O3/c1-5-3-7(10-8)4-6(2)9-5/h5-8H,3-4H2,1-2H3",1
1123,C7H13O34-1OOH,"InChI=1S/C7H14O3/c1-2-3-6-7(10-6)4-5-9-8/h6-8H,2-5H2,1H3",1
1124,C7H13O34-2OOH,"InChI=1S/C7H14O3/c1-3-4-6-7(9-6)5(2)10-8/h5-8H,3-4H2,1-2H3",1
1125,C7H13O34-5OOH,"InChI=1S/C7H14O3/c1-3-5-7(9-5)6(4-2)10-8/h5-8H,3-4H2,1-2H3",1
1126,C7H13O34-6OOH,"InChI=1S/C7H14O3/c1-3-6-7(9-6)4-5(2)10-8/h5-8H,3-4H2,1-2H3",1
1127,C7H13O34-7OOH,"InChI=1S/C7H14O3/c1-2-6-7(10-6)4-3-5-9-8/h6-8H,2-5H2,1H3",1
1128,C7H13O35-1OOH,"InChI=1S/C7H14O3/c1-2-6-5-7(10-6)3-4-9-8/h6-8H,2-5H2,1H3",1
1129,C7H13O35-2OOH,"InChI=1S/C7H14O3/c1-3-6-4-7(9-6)5(2)10-8/h5-8H,3-4H2,1-2H3",1
1130,C7H13O35-4OOH,"InChI=1S/C7H14O3/c1-3-5-7(10-8)6(4-2)9-5/h5-8H,3-4H2,1-2H3",1
1131,C7KET12O,"InChI=1S/C7H13O2/c1-2-3-4-5-7(9)6-8/h6-7H,2-5H2,1H3",2
1132,C7KET13O,"InChI=1S/C7H13O2/c1-2-3-4-7(9)5-6-8/h6-7H,2-5H2,1H3",2
1133,C7KET14O,"InChI=1S/C7H13O2/c1-2-4-7(9)5-3-6-8/h6-7H,2-5H2,1H3",2
1134,C7KET15O,"InChI=1S/C7H13O2/c1-2-7(9)5-3-4-6-8/h6-7H,2-5H2,1H3",2
1135,C7KET21O,"InChI=1S/C7H13O2/c1-2-3-4-5-7(9)6-8/h2-6H2,1H3",2
1136,C7KET23O,"InChI=1S/C7H13O2/c1-3-4-5-7(9)6(2)8/h7H,3-5H2,1-2H3",2
1137,C7KET24O,"InChI=1S/C7H13O2/c1-3-4-7(9)5-6(2)8/h7H,3-5H2,1-2H3",2
1138,C7KET25O,"InChI=1S/C7H13O2/c1-3-7(9)5-4-6(2)8/h7H,3-5H2,1-2H3",2
1139,C7KET26O,"InChI=1S/C7H13O2/c1-6(8)4-3-5-7(2)9/h6H,3-5H2,1-2H3",2
1140,C7KET31O,"InChI=1S/C7H13O2/c1-2-3-4-7(9)5-6-8/h2-6H2,1H3",2
1141,C7KET32O,"InChI=1S/C7H13O2/c1-3-4-5-7(9)6(2)8/h6H,3-5H2,1-2H3",2
1142,C7KET34O,"InChI=1S/C7H13O2/c1-3-5-7(9)6(8)4-2/h7H,3-5H2,1-2H3",2
1143,C7KET35O,"InChI=1S/C7H13O2/c1-3-6(8)5-7(9)4-2/h6H,3-5H2,1-2H3",2
1144,C7KET36O,"InChI=1S/C7H13O2/c1-3-7(9)5-4-6(2)8/h6H,3-5H2,1-2H3",2
1145,C7KET37O,"InChI=1S/C7H13O2/c1-2-7(9)5-3-4-6-8/h2-6H2,1H3",2
1146,C7KET41O,"InChI=1S/C7H13O2/c1-2-4-7(9)5-3-6-8/h2-6H2,1H3",2
1147,C7KET42O,"InChI=1S/C7H13O2/c1-3-4-7(9)5-6(2)8/h6H,3-5H2,1-2H3",2
1148,C7KET43O,"InChI=1S/C7H13O2/c1-3-5-7(9)6(8)4-2/h6H,3-5H2,1-2H3",2
1149,C7Y24,"InChI=1S/C7H12O2/c1-3-4-7(9)5-6(2)8/h3-5H2,1-2H3",1
1150,C7Y13,"InChI=1S/C7H12O2/c1-2-3-4-7(9)5-6-8/h6H,2-5H2,1H3",1
1151,C7Y35,"InChI=1S/C7H12O2/c1-3-6(8)5-7(9)4-2/h3-5H2,1-2H3",1
1152,C7H14OOH1-2O,"InChI=1S/C7H15O3/c1-2-3-4-5-7(8)6-10-9/h7,9H,2-6H2,1H3",2
1153,C7H14OOH1-3O,"InChI=1S/C7H15O3/c1-2-3-4-7(8)5-6-10-9/h7,9H,2-6H2,1H3",2
1154,C7H14OOH1-4O,"InChI=1S/C7H15O3/c1-2-4-7(8)5-3-6-10-9/h7,9H,2-6H2,1H3",2
1155,C7H14OOH1-5O,"InChI=1S/C7H15O3/c1-2-7(8)5-3-4-6-10-9/h7,9H,2-6H2,1H3",2
1156,C7H14OOH2-1O,"InChI=1S/C7H15O3/c1-2-3-4-5-7(6-8)10-9/h7,9H,2-6H2,1H3",2
1157,C7H14OOH2-3O,"InChI=1S/C7H15O3/c1-3-4-5-7(8)6(2)10-9/h6-7,9H,3-5H2,1-2H3",2
1158,C7H14OOH2-4O,"InChI=1S/C7H15O3/c1-3-4-7(8)5-6(2)10-9/h6-7,9H,3-5H2,1-2H3",2
1159,C7H14OOH2-5O,"InChI=1S/C7H15O3/c1-3-7(8)5-4-6(2)10-9/h6-7,9H,3-5H2,1-2H3",2
1160,C7H14OOH2-6O,"InChI=1S/C7H15O3/c1-6(8)4-3-5-7(2)10-9/h6-7,9H,3-5H2,1-2H3",2
1161,C7H14OOH3-1O,"InChI=1S/C7H15O3/c1-2-3-4-7(10-9)5-6-8/h7,9H,2-6H2,1H3",2
1162,C7H14OOH3-2O,"InChI=1S/C7H15O3/c1-3-4-5-7(10-9)6(2)8/h6-7,9H,3-5H2,1-2H3",2
1163,C7H14OOH3-4O,"InChI=1S/C7H15O3/c1-3-5-6(8)7(4-2)10-9/h6-7,9H,3-5H2,1-2H3",2
1164,C7H14OOH3-5O,"InChI=1S/C7H15O3/c1-3-6(8)5-7(4-2)10-9/h6-7,9H,3-5H2,1-2H3",2
1165,C7H14OOH3-6O,"InChI=1S/C7H15O3/c1-3-7(10-9)5-4-6(2)8/h6-7,9H,3-5H2,1-2H3",2
1166,C7H14OOH3-7O,"InChI=1S/C7H15O3/c1-2-7(10-9)5-3-4-6-8/h7,9H,2-6H2,1H3",2
1167,C7H14OOH4-1O,"InChI=1S/C7H15O3/c1-2-4-7(10-9)5-3-6-8/h7,9H,2-6H2,1H3",2
1168,C7H14OOH4-2O,"InChI=1S/C7H15O3/c1-3-4-7(10-9)5-6(2)8/h6-7,9H,3-5H2,1-2H3",2
1169,C7H14OOH4-3O,"InChI=1S/C7H15O3/c1-3-5-7(10-9)6(8)4-2/h6-7,9H,3-5H2,1-2H3",2
1170,C6H11O13-6,"InChI=1S/C6H11O/c1-2-3-6-4-5-7-6/h6H,1-5H2",2
1171,C6H11O14-6,"InChI=1S/C6H11O/c1-2-6-4-3-5-7-6/h6H,1-5H2",2
1172,C6H11O15-6,"InChI=1S/C6H11O/c1-6-4-2-3-5-7-6/h6H,1-5H2",2
1173,C6H11O23-1,"InChI=1S/C6H11O/c1-3-4-6-5(2)7-6/h5-6H,2-4H2,1H3",2
1174,C6H11O23-6,"InChI=1S/C6H11O/c1-3-4-6-5(2)7-6/h5-6H,1,3-4H2,2H3",2
1175,C6H11O24-1,"InChI=1S/C6H11O/c1-3-6-4-5(2)7-6/h5-6H,2-4H2,1H3",2
1176,C6H11O24-6,"InChI=1S/C6H11O/c1-3-6-4-5(2)7-6/h5-6H,1,3-4H2,2H3",2
1177,C6H11O34-1,"InChI=1S/C6H11O/c1-3-5-6(4-2)7-5/h5-6H,1,3-4H2,2H3",2
1178,C6Y2-1J,"InChI=1S/C6H11O/c1-3-4-5-6(2)7/h2-5H2,1H3",2
1179,C6Y3-6J,"InChI=1S/C6H11O/c1-3-5-6(7)4-2/h1,3-5H2,2H3",2
1180,C6Y3-1J,"InChI=1S/C6H11O/c1-3-5-6(7)4-2/h2-5H2,1H3",2
1181,C7H14-1,"InChI=1S/C7H14/c1-3-5-7-6-4-2/h3H,1,4-7H2,2H3",1
1182,C7H14-2,"InChI=1S/C7H14/c1-3-5-7-6-4-2/h3,5H,4,6-7H2,1-2H3",1
1183,C7H14-3,"InChI=1S/C7H14/c1-3-5-7-6-4-2/h5,7H,3-4,6H2,1-2H3",1
1184,C7H131-3,"InChI=1S/C7H13/c1-3-5-7-6-4-2/h3,5H,1,4,6-7H2,2H3",2
1185,C7H131-4,"InChI=1S/C7H13/c1-3-5-7-6-4-2/h3,7H,1,4-6H2,2H3",2
1186,C7H131-5,"InChI=1S/C7H13/c1-3-5-7-6-4-2/h3,6H,1,4-5,7H2,2H3",2
1187,C7H131-6,"InChI=1S/C7H13/c1-3-5-7-6-4-2/h3-4H,1,5-7H2,2H3",2
1188,C7H131-7,"InChI=1S/C7H13/c1-3-5-7-6-4-2/h3H,1-2,4-7H2",2
1189,C7H132-4,"InChI=1S/C7H13/c1-3-5-7-6-4-2/h3,5,7H,4,6H2,1-2H3",2
1190,C7H132-5,"InChI=1S/C7H13/c1-3-5-7-6-4-2/h3,5-6H,4,7H2,1-2H3",2
1191,C7H132-6,"InChI=1S/C7H13/c1-3-5-7-6-4-2/h3-5H,6-7H2,1-2H3",2
1192,C7H132-7,"InChI=1S/C7H13/c1-3-5-7-6-4-2/h4,6H,1,3,5,7H2,2H3",2
1193,C7H133-1,"InChI=1S/C7H13/c1-3-5-7-6-4-2/h5,7H,1,3-4,6H2,2H3",2
1194,C7H133-5,"InChI=1S/C7H13/c1-3-5-7-6-4-2/h5-7H,3-4H2,1-2H3",2
1195,C7H133-6,"InChI=1S/C7H13/c1-3-5-7-6-4-2/h3,6-7H,4-5H2,1-2H3",2
1196,C7H133-7,"InChI=1S/C7H13/c1-3-5-7-6-4-2/h6-7H,1,3-5H2,2H3",2
1197,C7H13-1D3O,"InChI=1S/C7H13O/c1-3-5-6-7(8)4-2/h4,7H,2-3,5-6H2,1H3",2
1198,C7H13-2D4O,"InChI=1S/C7H13O/c1-3-5-7(8)6-4-2/h3,5,7H,4,6H2,1-2H3",2
1199,C7H13-3D5O,"InChI=1S/C7H13O/c1-3-5-6-7(8)4-2/h5-7H,3-4H2,1-2H3",2
1200,C7H14OH-1J2,"InChI=1S/C7H15O/c1-2-3-4-5-6-7-8/h6,8H,2-5,7H2,1H3",2
1201,C7H14OH-2J1,"InChI=1S/C7H15O/c1-3-4-5-6-7(2)8/h7-8H,2-6H2,1H3",2
1202,C7H14OH-2J3,"InChI=1S/C7H15O/c1-3-4-5-6-7(2)8/h6-8H,3-5H2,1-2H3",2
1203,C7H14OH-3J2,"InChI=1S/C7H15O/c1-3-5-6-7(8)4-2/h4,7-8H,3,5-6H2,1-2H3",2
1204,C7H14OH-3J4,"InChI=1S/C7H15O/c1-3-5-6-7(8)4-2/h6-8H,3-5H2,1-2H3",2
1205,C7H14OH-4J3,"InChI=1S/C7H15O/c1-3-5-7(8)6-4-2/h5,7-8H,3-4,6H2,1-2H3",2
1206,C7H14OH-1O2-2,"InChI=1S/C7H15O3/c1-2-3-4-5-7(6-8)10-9/h7-8H,2-6H2,1H3",2
1207,C7H14OH-2O2-1,"InChI=1S/C7H15O3/c1-2-3-4-5-7(8)6-10-9/h7-8H,2-6H2,1H3",2
1208,C7H14OH-2O2-3,"InChI=1S/C7H15O3/c1-3-4-5-7(10-9)6(2)8/h6-8H,3-5H2,1-2H3",2
1209,C7H14OH-3O2-2,"InChI=1S/C7H15O3/c1-3-4-5-7(8)6(2)10-9/h6-8H,3-5H2,1-2H3",2
1210,C7H14OH-3O2-4,"InChI=1S/C7H15O3/c1-3-5-7(10-9)6(8)4-2/h6-8H,3-5H2,1-2H3",2
1211,C7H14OH-4O2-3,"InChI=1S/C7H15O3/c1-3-5-6(8)7(4-2)10-9/h6-8H,3-5H2,1-2H3",2
1212,C5D2Y1,"InChI=1S/C5H8O/c1-2-3-4-5-6/h3-5H,2H2,1H3",1
1213,C5D2Y1-1R,"InChI=1S/C5H7O/c1-2-3-4-5-6/h3-4H,2H2,1H3",2
1214,C3Y1-3OR,"InChI=1S/C3H5O2/c4-2-1-3-5/h2H,1,3H2",2
1215,C4Y1-3OR,"InChI=1S/C4H7O2/c1-4(6)2-3-5/h3-4H,2H2,1H3",2
1216,C6D2Y1,"InChI=1S/C6H10O/c1-2-3-4-5-6-7/h4-6H,2-3H2,1H3",1
1217,C6D2Y1-1R,"InChI=1S/C6H9O/c1-2-3-4-5-6-7/h4-5H,2-3H2,1H3",2
1218,H15DE25DM,"InChI=1S/C8H14/c1-7(2)5-6-8(3)4/h1,3,5-6H2,2,4H3",1
1219,H15DE25DM-S,"InChI=1S/C8H13/c1-7(2)5-6-8(3)4/h5H,1,3,6H2,2,4H3",2
1220,H15DE25DM-A,"InChI=1S/C8H13/c1-7(2)5-6-8(3)4/h1-3,5-6H2,4H3",2
1221,H15DE25DM-AO,"InChI=1S/C8H13O/c1-7(2)4-5-8(3)6-9/h1,3-6H2,2H3",2
1222,H15DE25DM-SO,"InChI=1S/C8H13O/c1-6(2)5-8(9)7(3)4/h8H,1,3,5H2,2,4H3",2
1223,H15DE2M-T,"InChI=1S/C7H11/c1-4-5-6-7(2)3/h1-2,5-6H2,3H3",2
1224,IC4H7CHO,"InChI=1S/C5H8O/c1-5(2)3-4-6/h4H,1,3H2,2H3",1
1225,L-C6H4,"InChI=1S/C6H4/c1-3-5-6-4-2/h1-2,5-6H",1
1226,C-C6H4,"InChI=1S/C6H4/c1-3-5-6-4-2/h1,4H,2H2",1
1227,C6H3,"InChI=1S/C6H3/c1-3-5-6-4-2/h1-2,5H",2
1228,C6H2,InChI=1S/C6H2/c1-3-5-6-4-2/h1-2H,1
1229,C6H6,InChI=1S/C6H6/c1-2-4-6-5-3-1/h1-6H,1
1230,FULVENE,"InChI=1S/C6H6/c1-6-4-2-3-5-6/h2-5H,1H2",1
1231,C6H5,InChI=1S/C6H5/c1-2-4-6-5-3-1/h1-5H,2
1232,C6H5OO,InChI=1S/C6H5O2/c7-8-6-4-2-1-3-5-6/h1-5H,2
1233,C6H5OOH,"InChI=1S/C6H6O2/c7-8-6-4-2-1-3-5-6/h1-5,7H",1
1234,C6H5OH,"InChI=1S/C6H6O/c7-6-4-2-1-3-5-6/h1-5,7H",1
1235,C6H5O,InChI=1S/C6H5O/c7-6-4-2-1-3-5-6/h1-5H,2
1236,C6H4OH,"InChI=1S/C6H5O/c7-6-4-2-1-3-5-6/h1-2,4-5,7H",2
1237,OC6H4OH,"InChI=1S/C6H5O2/c7-5-2-1-3-6(8)4-5/h1-4,7H",2
1238,O-C6H4O2,InChI=1S/C6H4O2/c7-5-3-1-2-4-6(5)8/h1-4H,1
1239,P-C6H4O2,InChI=1S/C6H4O2/c7-5-1-2-6(8)4-3-5/h1-4H,1
1240,O-OC6H5OJ,InChI=1S/C6H5O2/c7-5-3-1-2-4-6(5)8/h1-5H,2
1241,P-OC6H5OJ,InChI=1S/C6H5O2/c7-5-1-2-6(8)4-3-5/h1-5H,2
1242,P-C6H3O2,InChI=1S/C6H3O2/c7-5-1-2-6(8)4-3-5/h1-3H,2
1243,C5H6,"InChI=1S/C5H6/c1-2-4-5-3-1/h1-4H,5H2",1
1244,C5H5,InChI=1S/C5H5/c1-2-4-5-3-1/h1-5H,2
1245,C5H6-L,"InChI=1S/C5H6/c1-3-5-4-2/h1,4-5H,2H3",1
1246,C#CCVCCJ,"InChI=1S/C5H5/c1-3-5-4-2/h1,4-5H,2H2",2
1247,C5H7,"InChI=1S/C5H7/c1-2-4-5-3-1/h1-3H,4-5H2",2
1248,CVCCJCVC,"InChI=1S/C5H7/c1-3-5-4-2/h3-5H,1-2H2",2
1249,CVCCVCCJ,"InChI=1S/C5H7/c1-3-5-4-2/h3-5H,1-2H2",2
1250,CVCCJCVCOH,"InChI=1S/C5H7O/c1-2-3-4-5-6/h2-6H,1H2",2
1251,HOCVCCVO,InChI=1S/C3H4O2/c4-2-1-3-5/h1-4H,1
1252,CVCCVCCOH,"InChI=1S/C5H8O/c1-2-3-4-5-6/h2-4,6H,1,5H2",1
1253,OC5H7O,"InChI=1S/C5H7O2/c6-4-2-1-3-5-7/h2,4-5H,1,3H2",2
1254,OC4H6O,"InChI=1S/C4H6O2/c5-3-1-2-4-6/h3-4H,1-2H2",1
1255,OC4H5O,"InChI=1S/C4H5O2/c5-3-1-2-4-6/h3H,1-2H2",2
1256,O2CCHOOJ,"InChI=1S/C2HO4/c3-1(4)2(5)6/h(H,3,4)",2
1257,HOCVCCJVO,"InChI=1S/C3H3O2/c4-2-1-3-5/h1-2,4H",2
1258,C5H5OH,InChI=1S/C5H6O/c6-5-3-1-2-4-5/h1-6H,1
1259,C5H5O,InChI=1S/C5H5O/c6-5-3-1-2-4-5/h1-5H,2
1260,C5H4OH,"InChI=1S/C5H5O/c6-5-3-1-2-4-5/h1-4,6H",2
1261,C5H4O,InChI=1S/C5H4O/c6-5-3-1-2-4-5/h1-4H,1
1262,C5H3O,InChI=1S/C5H3O/c6-5-3-1-2-4-5/h1-3H,2
1263,CJVCCVCCVO,InChI=1S/C5H5O/c1-2-3-4-5-6/h1-5H,2
1264,CVCCVCCJVO,"InChI=1S/C5H5O/c1-2-3-4-5-6/h2-4H,1H2",2
1265,CJVCCVO,InChI=1S/C3H3O/c1-2-3-4/h1-3H,2
